anio,semana,temperatura_media_C,salinidad_media_PSU,temperatura_min_C,temperatura_max_C,salinidad_min_PSU,salinidad_max_PSU,n_dias
2014,1,5.912,33.496,5.854,5.997,33.482,33.515,5
2014,2,5.634,33.581,5.212,5.989,33.532,33.614,7
2014,3,4.998,33.653,4.897,5.165,33.618,33.696,7
2014,4,4.972,33.696,4.871,5.056,33.679,33.708,7
2014,5,4.704,33.705,4.522,4.861,33.674,33.749,7
2014,6,4.696,33.776,4.554,4.769,33.758,33.802,7
2014,7,4.74,33.816,4.643,4.842,33.811,33.819,7
2014,8,4.346,33.827,4.054,4.612,33.812,33.865,7
2014,9,4.421,33.987,4.301,4.505,33.899,34.063,7
2014,10,4.812,34.082,4.472,5.077,34.058,34.094,7
2014,11,4.825,34.007,4.619,5.024,33.988,34.026,7
2014,12,4.269,34.084,4.085,4.413,34.034,34.137,7
2014,13,4.606,34.24,4.455,4.779,34.171,34.311,7
2014,14,4.631,34.413,4.61,4.662,34.346,34.452,7
2014,15,5.026,34.474,4.663,5.436,34.434,34.504,7
2014,16,5.289,34.402,5.192,5.444,34.37,34.436,7
2014,17,5.356,34.363,5.148,5.536,34.354,34.373,7
2014,18,5.526,34.408,5.475,5.624,34.373,34.441,7
2014,19,5.937,34.487,5.738,6.27,34.452,34.511,7
2014,20,6.237,34.512,6.07,6.474,34.446,34.536,7
2014,21,6.819,34.356,6.704,6.96,34.34,34.398,7
2014,22,7.527,34.335,6.791,8.005,34.293,34.363,7
2014,23,9.28,34.111,8.431,10.157,33.995,34.229,7
2014,24,9.856,34.044,9.458,10.264,33.981,34.089,7
2014,25,8.615,34.093,7.834,9.151,34.048,34.143,7
2014,26,8.217,34.177,7.791,9.18,34.12,34.204,7
2014,27,10.372,33.911,9.418,11.748,33.588,34.053,7
2014,28,12.507,33.526,12.076,12.967,33.279,33.708,7
2014,29,12.099,33.87,11.398,12.425,33.825,33.928,7
2014,30,13.068,33.745,12.415,13.786,33.475,33.929,7
2014,31,13.831,33.348,13.705,14.001,33.219,33.422,7
2014,32,13.789,33.5,13.629,13.934,33.356,33.651,7
2014,33,13.165,33.72,12.08,13.937,33.652,33.777,7
2014,34,9.656,34.127,8.786,11.516,33.833,34.247,7
2014,35,9.9,34.015,8.898,10.964,33.749,34.227,7
2014,36,11.127,33.872,11.024,11.218,33.726,33.988,7
2014,37,10.881,33.992,10.638,10.991,33.969,34.004,7
2014,38,10.314,34.053,9.982,10.568,34.002,34.074,7
2014,39,9.538,34.086,9.345,9.737,34.068,34.111,7
2014,40,9.664,34.044,9.471,9.862,33.993,34.078,7
2014,41,9.306,33.978,8.776,9.842,33.964,33.995,7
2014,42,8.422,33.977,8.247,8.646,33.957,33.993,7
2014,43,8.511,33.867,8.029,8.974,33.77,33.955,7
2014,44,8.89,33.733,8.588,9.18,33.702,33.781,7
2014,45,8.241,33.833,7.947,8.544,33.791,33.869,7
2014,46,7.976,33.87,7.698,8.356,33.851,33.887,7
2014,47,8.197,33.882,7.848,8.354,33.868,33.892,7
2014,48,7.962,33.833,7.638,8.092,33.804,33.865,7
2014,49,7.75,33.778,7.514,7.944,33.768,33.799,7
2014,50,7.507,33.786,7.258,7.772,33.773,33.796,7
2014,51,6.999,33.837,6.75,7.216,33.805,33.87,7
2014,52,6.44,33.936,6.231,6.634,33.879,34.021,7
2015,1,6.547,34.008,6.184,6.834,33.992,34.026,7
2015,2,6.382,34.053,5.843,6.544,34.033,34.072,7
2015,3,5.517,34.066,5.099,5.737,34.052,34.081,7
2015,4,5.607,34.081,5.417,5.779,34.069,34.087,7
2015,5,5.535,34.012,4.876,6.019,33.986,34.059,7
2015,6,4.432,33.96,4.055,4.795,33.898,34.005,7
2015,7,4.332,33.884,3.779,4.783,33.875,33.897,7
2015,8,4.837,33.971,4.654,5.144,33.958,33.999,7
2015,9,4.64,33.993,4.451,5.168,33.97,34.057,7
2015,10,5.153,34.095,4.994,5.57,34.047,34.245,7
2015,11,5.453,34.306,5.229,5.724,34.266,34.404,7
2015,12,5.54,34.426,4.889,5.928,34.359,34.465,7
2015,13,4.6,34.271,4.444,4.779,34.231,34.32,7
2015,14,4.615,34.196,4.505,4.736,34.144,34.256,7
2015,15,4.988,34.249,4.648,5.165,34.179,34.276,7
2015,16,5.484,34.24,5.201,5.696,34.224,34.257,7
2015,17,5.756,34.19,5.658,5.824,34.169,34.22,7
2015,18,5.711,34.148,5.666,5.741,34.132,34.165,7
2015,19,6.186,34.071,5.819,6.657,34.017,34.124,7
2015,20,6.517,34.01,6.29,6.78,33.968,34.04,7
2015,21,7.083,34.01,6.711,7.287,33.974,34.043,7
2015,22,7.439,33.927,7.109,7.755,33.864,33.98,7
2015,23,7.606,33.817,7.446,7.861,33.732,33.858,7
2015,24,8.048,33.609,7.957,8.158,33.572,33.705,7
2015,25,8.748,33.532,8.362,9.416,33.368,33.602,7
2015,26,9.037,33.539,8.735,9.532,33.361,33.607,7
2015,27,9.801,33.542,9.235,10.196,33.529,33.559,7
2015,28,9.202,33.716,8.911,9.933,33.575,33.786,7
2015,29,9.379,33.718,8.937,10.104,33.599,33.799,7
2015,30,10.13,33.558,9.946,10.393,33.543,33.577,7
2015,31,10.46,33.548,9.835,10.882,33.478,33.606,7
2015,32,11.779,33.209,11.009,12.215,33.017,33.439,7
2015,33,12.013,33.425,11.739,12.382,33.292,33.508,7
2015,34,12.453,33.478,12.167,12.832,33.452,33.49,7
2015,35,12.589,33.517,12.235,13.028,33.433,33.594,7
2015,36,11.963,33.435,11.375,12.486,33.411,33.489,7
2015,37,11.163,33.478,11.061,11.264,33.416,33.518,7
2015,38,11.181,33.415,10.956,11.333,33.41,33.42,7
2015,39,10.832,33.389,10.673,10.876,33.354,33.423,7
2015,40,10.313,33.301,9.867,10.646,33.273,33.328,7
2015,41,9.392,33.297,9.279,9.637,33.283,33.322,7
2015,42,9.449,33.345,9.224,9.619,33.306,33.385,7
2015,43,9.077,33.368,8.88,9.212,33.305,33.414,7
2015,44,8.381,33.376,8.189,8.715,33.368,33.383,7
2015,45,8.804,33.415,8.574,9.029,33.376,33.456,7
2015,46,8.709,33.435,8.479,8.85,33.397,33.476,7
2015,47,8.097,33.382,7.764,8.306,33.369,33.393,7
2015,48,8.043,33.403,7.689,8.296,33.383,33.425,7
2015,49,7.864,33.421,7.779,7.948,33.395,33.439,7
2015,50,7.367,33.418,6.972,7.771,33.407,33.429,7
2015,51,6.542,33.435,6.183,7.07,33.43,33.442,7
2015,52,6.785,33.4,6.092,7.218,33.371,33.428,7
2015,53,6.569,33.348,6.017,6.959,33.293,33.38,7
2016,1,5.983,33.346,5.56,6.628,33.31,33.381,7
2016,2,5.025,33.454,4.855,5.434,33.395,33.506,7
2016,3,5.004,33.52,4.653,5.576,33.51,33.529,7
2016,4,5.462,33.529,5.338,5.594,33.498,33.573,7
2016,5,5.058,33.618,4.831,5.264,33.578,33.648,7
2016,6,4.773,33.718,4.587,4.887,33.65,33.797,7
2016,7,4.937,33.899,4.393,5.391,33.805,33.973,7
2016,8,4.815,33.968,4.737,4.926,33.901,34.036,7
2016,9,4.856,34.08,4.576,5.135,34.039,34.118,7
2016,10,5.133,34.114,5.042,5.338,34.11,34.121,7
2016,11,4.864,34.129,4.528,5.333,34.099,34.177,7
2016,12,4.516,34.206,4.414,4.799,34.192,34.215,7
2016,13,5.13,34.205,5.043,5.186,34.198,34.212,7
2016,14,5.328,34.251,5.209,5.485,34.225,34.287,7
2016,15,5.291,34.312,5.149,5.486,34.291,34.333,7
2016,16,5.509,34.358,5.425,5.582,34.34,34.365,7
2016,17,5.957,34.35,5.57,6.564,34.334,34.366,7
2016,18,6.676,34.213,6.572,6.772,34.12,34.322,7
2016,19,6.839,34.142,6.689,7.062,34.126,34.158,7
2016,20,6.95,34.187,6.69,7.591,34.16,34.206,7
2016,21,7.943,34.138,7.715,8.306,34.109,34.172,7
2016,22,8.612,34.129,8.157,8.903,34.107,34.199,7
2016,23,8.077,34.207,7.931,8.205,34.154,34.24,7
2016,24,8.785,34.018,8.44,9.152,33.927,34.127,7
2016,25,9.643,33.967,9.023,10.264,33.646,34.129,7
2016,26,10.959,33.53,10.282,11.735,33.231,33.663,7
2016,27,11.26,33.509,10.932,11.395,33.4,33.626,7
2016,28,11.181,33.699,11.067,11.268,33.627,33.731,7
2016,29,11.347,33.673,10.839,12.111,33.54,33.735,7
2016,30,11.224,33.738,10.177,12.237,33.51,33.914,7
2016,31,9.551,34.085,8.973,10.238,33.986,34.13,7
2016,32,10.957,33.842,10.452,11.325,33.686,34.041,7
2016,33,11.795,33.707,11.336,12.369,33.674,33.742,7
2016,34,11.975,33.827,11.342,12.314,33.727,33.958,7
2016,35,11.133,33.981,11.01,11.241,33.932,34.008,7
2016,36,10.825,33.867,10.697,10.949,33.788,33.923,7
2016,37,10.925,33.696,10.875,10.97,33.656,33.771,7
2016,38,11.003,33.744,10.991,11.02,33.731,33.756,7
2016,39,10.775,33.702,10.391,11.009,33.678,33.746,7
2016,40,10.11,33.693,9.968,10.189,33.679,33.705,7
2016,41,10.022,33.672,9.904,10.079,33.656,33.694,7
2016,42,9.77,33.723,9.649,9.869,33.706,33.731,7
2016,43,9.787,33.607,9.616,9.887,33.53,33.702,7
2016,44,9.246,33.547,8.729,9.788,33.53,33.568,7
2016,45,8.592,33.567,8.501,8.744,33.558,33.573,7
2016,46,8.951,33.471,8.592,9.3,33.447,33.544,7
2016,47,8.367,33.421,8.04,8.628,33.405,33.439,7
2016,48,7.78,33.421,7.478,7.947,33.407,33.435,7
2016,49,7.034,33.459,6.769,7.324,33.448,33.471,7
2016,50,6.862,33.459,6.728,7.061,33.437,33.476,7
2016,51,6.719,33.4,6.362,6.991,33.348,33.456,7
2016,52,6.423,33.522,6.206,6.685,33.464,33.576,7
2017,1,5.964,33.625,5.526,6.232,33.578,33.702,7
2017,2,5.649,33.703,5.393,6.017,33.669,33.729,7
2017,3,5.287,33.759,4.787,5.695,33.728,33.773,7
2017,4,5.377,33.723,4.814,5.666,33.67,33.77,7
2017,5,5.157,33.684,4.91,5.392,33.662,33.724,7
2017,6,5.325,33.794,5.239,5.462,33.74,33.871,7
2017,7,5.237,33.876,4.919,5.506,33.847,33.901,7
2017,8,4.54,33.963,4.329,4.712,33.886,34.047,7
2017,9,4.174,34.071,4.081,4.408,34.048,34.094,7
2017,10,4.164,34.085,4.022,4.327,34.072,34.095,7
2017,11,4.408,34.048,4.061,4.685,34.027,34.066,7
2017,12,4.478,33.994,4.093,4.862,33.983,34.01,7
2017,13,4.362,34.021,4.266,4.662,33.996,34.045,7
2017,14,4.496,34.026,4.378,4.568,33.966,34.061,7
2017,15,4.648,34.15,4.548,4.722,34.08,34.214,7
2017,16,4.801,34.21,4.631,4.961,34.188,34.227,7
2017,17,5.158,34.217,4.924,5.489,34.183,34.263,7
2017,18,5.479,34.293,5.364,5.562,34.274,34.323,7
2017,19,5.598,34.348,5.423,5.887,34.307,34.372,7
2017,20,6.406,34.16,6.099,6.717,34.021,34.313,7
2017,21,6.78,33.975,6.723,6.889,33.962,33.993,7
2017,22,6.692,33.997,6.602,6.806,33.985,34.014,7
2017,23,7.676,33.923,6.743,8.192,33.875,34.003,7
2017,24,8.735,33.741,8.055,9.491,33.466,33.923,7
2017,25,9.803,33.43,8.864,10.461,33.185,33.703,7
2017,26,8.814,33.852,8.256,9.372,33.814,33.887,7
2017,27,10.315,33.672,9.656,11.062,33.526,33.816,7
2017,28,11.621,33.596,11.202,12.072,33.447,33.798,7
2017,29,11.765,33.728,11.536,12.303,33.596,33.84,7
2017,30,12.035,33.866,10.942,12.537,33.73,34.089,7
2017,31,10.781,34.213,10.054,11.299,34.154,34.284,7
2017,32,12.256,33.709,11.762,12.552,33.445,34.034,7
2017,33,11.75,33.879,11.521,12.037,33.711,33.945,7
2017,34,10.969,33.962,10.65,11.261,33.95,33.967,7
2017,35,10.904,33.853,10.669,11.019,33.806,33.925,7
2017,36,11.115,33.766,11.048,11.219,33.726,33.813,7
2017,37,11.028,33.773,10.73,11.267,33.749,33.79,7
2017,38,10.824,33.726,10.683,11.115,33.645,33.767,7
2017,39,11.345,33.608,11.182,11.478,33.594,33.624,7
2017,40,11.301,33.613,11.086,11.459,33.601,33.63,7
2017,41,10.786,33.621,10.648,11.006,33.605,33.628,7
2017,42,10.543,33.543,10.233,10.817,33.523,33.573,7
2017,43,9.817,33.5,9.276,10.055,33.482,33.518,7
2017,44,8.983,33.565,8.842,9.106,33.543,33.588,7
2017,45,8.853,33.493,8.712,8.956,33.463,33.526,7
2017,46,8.298,33.459,7.897,8.622,33.453,33.468,7
2017,47,7.219,33.506,6.738,7.779,33.469,33.542,7
2017,48,7.29,33.548,7.208,7.429,33.541,33.557,7
2017,49,6.778,33.537,6.414,7.022,33.532,33.551,7
2017,50,6.716,33.505,6.453,6.855,33.492,33.525,7
2017,51,6.687,33.524,6.284,7.016,33.491,33.544,7
2017,52,5.917,33.635,5.736,6.171,33.559,33.702,7
2018,1,5.723,33.817,5.428,5.83,33.721,33.882,7
2018,2,5.901,33.91,5.447,6.277,33.888,33.923,7
2018,3,5.561,33.904,5.199,6.094,33.891,33.916,7
2018,4,4.876,33.887,4.634,5.178,33.88,33.894,7
2018,5,4.498,33.909,4.365,4.611,33.899,33.921,7
2018,6,5.131,33.999,4.97,5.204,33.944,34.035,7
2018,7,4.932,34.019,4.783,5.059,34.006,34.035,7
2018,8,4.356,34.002,4.055,4.653,33.998,34.008,7
2018,9,4.199,34.011,3.985,4.432,33.988,34.034,7
2018,10,3.508,34.077,3.323,3.818,34.044,34.108,7
2018,11,3.568,34.15,3.508,3.636,34.111,34.165,7
2018,12,3.619,34.196,3.559,3.681,34.175,34.224,7
2018,13,3.402,34.226,3.302,3.523,34.203,34.235,7
2018,14,3.458,34.152,3.33,3.586,34.107,34.19,7
2018,15,3.932,34.078,3.652,4.326,34.065,34.098,7
2018,16,4.756,34.049,4.562,4.858,34.035,34.059,7
2018,17,4.75,34.052,4.647,4.846,34.036,34.086,7
2018,18,5.203,34.09,4.851,5.68,34.082,34.095,7
2018,19,6.487,34.122,5.762,7.204,34.081,34.154,7
2018,20,7.457,34.12,7.013,7.932,34.061,34.157,7
2018,21,7.073,34.052,7.027,7.129,34.042,34.074,7
2018,22,7.483,34.059,7.184,7.681,34.041,34.073,7
2018,23,7.632,34.031,7.498,7.905,33.919,34.074,7
2018,24,8.262,33.84,7.991,8.488,33.775,33.879,7
2018,25,8.876,33.756,8.421,9.368,33.671,33.81,7
2018,26,8.455,33.782,8.322,8.666,33.757,33.822,7
2018,27,9.522,33.673,8.876,9.931,33.612,33.735,7
2018,28,10.561,33.419,9.996,10.863,33.346,33.547,7
2018,29,11.661,33.429,10.875,12.136,33.406,33.446,7
2018,30,12.605,33.295,11.996,13.451,33.193,33.399,7
2018,31,14.529,33.167,13.996,14.788,33.121,33.207,7
2018,32,13.489,33.367,12.668,14.045,33.26,33.527,7
2018,33,11.97,33.592,11.692,12.427,33.501,33.649,7
2018,34,12.258,33.429,12.084,12.476,33.38,33.535,7
2018,35,11.847,33.533,11.746,11.961,33.503,33.562,7
2018,36,11.727,33.516,11.68,11.786,33.508,33.527,7
2018,37,11.634,33.461,11.453,11.745,33.392,33.509,7
2018,38,11.18,33.353,11.0,11.336,33.275,33.416,7
2018,39,10.05,33.33,9.677,10.63,33.291,33.346,7
2018,40,9.269,33.338,8.962,9.636,33.325,33.345,7
2018,41,9.129,33.351,9.016,9.339,33.341,33.364,7
2018,42,9.328,33.392,9.287,9.369,33.365,33.422,7
2018,43,8.929,33.549,8.229,9.348,33.429,33.684,7
2018,44,8.379,33.805,8.294,8.513,33.715,33.866,7
2018,45,8.365,33.661,8.263,8.519,33.648,33.67,7
2018,46,8.472,33.621,8.307,8.654,33.563,33.654,7
2018,47,7.877,33.589,7.265,8.404,33.558,33.63,7
2018,48,7.367,33.655,6.988,7.835,33.579,33.705,7
2018,49,7.276,33.55,6.963,7.648,33.529,33.592,7
2018,50,7.309,33.667,7.066,7.606,33.639,33.706,7
2018,51,6.877,33.664,6.702,7.232,33.632,33.73,7
2018,52,6.421,33.776,6.211,6.545,33.745,33.792,7
2019,1,5.883,33.786,5.726,6.103,33.767,33.816,7
2019,2,5.791,33.796,5.415,5.996,33.771,33.83,7
2019,3,5.129,33.813,4.905,5.321,33.809,33.819,7
2019,4,4.104,33.876,3.315,4.804,33.815,33.945,7
2019,5,3.197,34.008,3.093,3.264,33.96,34.056,7
2019,6,3.647,34.069,3.166,3.979,34.057,34.08,7
2019,7,4.459,34.029,3.938,4.719,33.981,34.068,7
2019,8,4.292,33.977,3.896,4.881,33.927,34.003,7
2019,9,4.469,33.881,3.892,4.924,33.843,33.909,7
2019,10,3.447,33.929,3.282,3.723,33.889,34.007,7
2019,11,3.294,34.023,3.212,3.402,34.005,34.04,7
2019,12,3.586,34.043,3.328,3.779,33.982,34.066,7
2019,13,3.634,33.938,3.499,3.735,33.91,33.959,7
2019,14,3.792,33.907,3.73,3.876,33.879,33.934,7
2019,15,3.794,33.932,3.747,3.845,33.895,33.959,7
2019,16,4.166,33.888,3.934,4.512,33.869,33.927,7
2019,17,5.168,33.815,4.568,5.723,33.795,33.894,7
2019,18,5.118,33.829,4.709,5.623,33.799,33.863,7
2019,19,5.208,33.867,4.764,5.768,33.853,33.883,7
2019,20,5.984,33.8,5.596,6.556,33.738,33.852,7
2019,21,6.595,33.892,6.43,6.814,33.754,33.981,7
2019,22,7.148,33.871,6.733,7.513,33.716,33.976,7
2019,23,8.363,33.508,7.444,9.105,33.18,33.705,7
2019,24,7.672,33.874,7.168,8.339,33.781,33.932,7
2019,25,9.48,33.449,8.466,10.292,32.893,33.912,7
2019,26,9.9,33.47,9.516,10.412,32.993,33.783,7
2019,27,10.424,33.643,9.672,11.247,33.596,33.73,7
2019,28,11.709,33.713,11.068,12.022,33.568,33.825,7
2019,29,11.42,33.82,10.735,12.886,33.737,33.851,7
2019,30,14.201,33.163,13.115,14.887,32.916,33.621,7
2019,31,11.633,33.814,11.184,13.057,33.469,33.955,7
2019,32,11.182,34.02,10.841,11.51,33.933,34.088,7
2019,33,11.338,34.002,10.658,12.695,33.663,34.14,7
2019,34,12.818,33.58,11.954,13.193,33.527,33.679,7
2019,35,12.269,33.703,11.853,12.559,33.655,33.726,7
2019,36,12.138,33.777,11.741,12.595,33.719,33.826,7
2019,37,11.729,33.806,11.451,11.891,33.778,33.871,7
2019,38,10.869,33.776,10.317,11.336,33.737,33.803,7
2019,39,10.317,33.735,10.117,10.52,33.726,33.746,7
2019,40,10.027,33.811,9.674,10.368,33.756,33.841,7
2019,41,9.26,33.823,9.06,9.577,33.784,33.844,7
2019,42,9.038,33.665,8.847,9.139,33.594,33.759,7
2019,43,9.006,33.527,8.607,9.388,33.495,33.57,7
2019,44,7.981,33.512,7.651,8.437,33.443,33.539,7
2019,45,6.976,33.446,6.314,7.509,33.428,33.465,7
2019,46,6.012,33.473,5.837,6.138,33.466,33.482,7
2019,47,6.149,33.447,5.855,6.406,33.426,33.469,7
2019,48,5.853,33.369,5.351,6.396,33.332,33.399,7
2019,49,5.655,33.316,5.339,6.07,33.263,33.339,7
2019,50,5.063,33.395,4.881,5.253,33.352,33.448,7
2019,51,4.869,33.472,4.684,4.989,33.406,33.545,7
2019,52,4.832,33.615,4.617,5.231,33.57,33.653,7
2020,1,4.816,33.532,4.609,5.091,33.493,33.589,7
2020,2,5.095,33.549,4.669,5.373,33.507,33.588,7
2020,3,4.875,33.661,4.464,5.152,33.591,33.742,7
2020,4,4.611,33.745,4.216,4.859,33.726,33.792,7
2020,5,3.868,33.937,3.625,4.227,33.835,34.007,7
2020,6,4.404,34.028,4.006,4.942,34.013,34.052,7
2020,7,4.575,33.984,4.129,4.87,33.945,34.052,7
2020,8,4.256,33.913,4.015,4.558,33.86,33.938,7
2020,9,4.188,33.812,3.864,4.414,33.802,33.827,7
2020,10,3.53,33.82,3.257,3.735,33.798,33.84,7
2020,11,3.762,33.845,3.5,3.984,33.82,33.866,7
2020,12,3.636,33.847,3.457,3.8,33.815,33.869,7
2020,13,4.283,33.9,3.982,4.486,33.883,33.917,7
2020,14,3.843,33.93,3.745,3.912,33.895,33.956,7
2020,15,3.944,33.959,3.727,4.062,33.948,33.977,7
2020,16,4.342,34.01,4.071,4.587,33.995,34.021,7
2020,17,4.901,34.02,4.731,5.02,34.006,34.028,7
2020,18,5.065,34.034,4.796,5.603,34.029,34.038,7
2020,19,5.323,33.957,5.229,5.562,33.848,34.024,7
2020,20,5.199,33.782,5.104,5.266,33.766,33.816,7
2020,21,6.203,33.746,5.48,7.111,33.731,33.752,7
2020,22,7.366,33.57,7.194,7.584,33.51,33.706,7
2020,23,8.557,33.534,8.126,9.249,33.421,33.571,7
2020,24,8.963,33.4,8.576,9.571,33.258,33.467,7
2020,25,9.703,33.19,9.221,10.611,33.117,33.253,7
2020,26,11.371,32.989,10.892,11.695,32.801,33.248,7
2020,27,9.054,33.412,8.255,10.603,33.231,33.516,7
2020,28,10.592,33.177,9.463,11.692,32.799,33.439,7
2020,29,12.598,32.745,11.909,13.025,32.651,32.975,7
2020,30,12.534,32.808,11.988,13.423,32.285,33.297,7
2020,31,13.761,33.0,12.507,14.527,32.462,33.33,7
2020,32,14.273,32.927,14.057,14.494,32.697,33.208,7
2020,33,13.705,33.477,13.166,13.946,33.377,33.598,7
2020,34,12.822,33.485,12.712,12.962,33.238,33.587,7
2020,35,12.278,33.299,11.806,12.753,33.263,33.379,7
2020,36,11.738,33.392,11.582,11.864,33.271,33.454,7
2020,37,11.515,33.407,11.383,11.675,33.364,33.461,7
2020,38,11.093,33.311,10.832,11.399,33.294,33.33,7
2020,39,10.37,33.308,9.896,10.763,33.283,33.341,7
2020,40,9.975,33.392,9.874,10.074,33.357,33.419,7
2020,41,9.655,33.416,9.573,9.762,33.365,33.443,7
2020,42,9.223,33.352,8.95,9.474,33.3,33.385,7
2020,43,8.558,33.326,8.308,8.839,33.268,33.363,7
2020,44,8.388,33.151,8.079,8.69,33.103,33.246,7
2020,45,8.442,33.113,8.171,8.63,33.088,33.134,7
2020,46,8.041,33.171,7.963,8.152,33.106,33.226,7
2020,47,7.599,33.244,7.059,7.998,33.229,33.256,7
2020,48,6.884,33.262,6.738,7.13,33.243,33.272,7
2020,49,6.851,33.195,6.612,7.16,33.185,33.226,7
2020,50,6.488,33.196,6.402,6.607,33.187,33.205,7
2020,51,6.064,33.18,5.756,6.329,33.139,33.193,7
2020,52,6.045,33.108,5.046,6.511,33.098,33.126,7
2020,53,5.13,33.2,4.988,5.316,33.163,33.221,7
2021,1,5.445,33.311,4.931,5.824,33.245,33.34,7
2021,2,4.729,33.422,4.483,4.996,33.359,33.486,7
2021,3,4.33,33.655,3.531,5.07,33.51,33.793,7
2021,4,3.786,33.865,3.653,3.991,33.819,33.888,7
2021,5,4.07,33.926,3.854,4.289,33.887,34.005,7
2021,6,4.044,34.014,3.87,4.312,33.967,34.052,7
2021,7,3.907,33.972,3.628,4.074,33.953,33.988,7
2021,8,4.115,33.869,3.728,4.34,33.788,33.946,7
2021,9,3.997,33.837,3.66,4.325,33.784,33.893,7
2021,10,3.628,34.01,3.538,3.783,33.918,34.057,7
2021,11,3.689,34.074,3.56,3.808,34.034,34.114,7
2021,12,4.325,34.197,3.721,4.591,34.152,34.227,7
2021,13,4.672,34.104,4.619,4.708,34.036,34.192,7
2021,14,4.418,34.032,4.292,4.555,34.014,34.037,7
2021,15,4.554,34.009,4.369,4.766,33.999,34.022,7
2021,16,4.777,33.984,4.701,4.886,33.976,33.998,7
2021,17,4.732,33.977,4.636,4.811,33.972,33.982,7
2021,18,4.995,33.955,4.731,5.246,33.93,33.967,7
2021,19,5.53,33.958,5.388,5.671,33.933,33.993,7
2021,20,6.449,33.932,6.095,6.846,33.817,33.986,7
2021,21,6.64,34.023,6.482,6.868,33.982,34.051,7
2021,22,8.633,33.739,7.03,9.53,33.616,33.935,7
2021,23,9.842,33.451,9.437,10.152,33.198,33.641,7
2021,24,9.489,33.275,9.358,9.648,33.204,33.314,7
2021,25,9.906,33.207,9.709,10.048,33.147,33.25,7
2021,26,10.179,33.195,9.847,10.804,33.124,33.299,7
2021,27,12.42,33.064,11.72,13.3,32.993,33.165,7
2021,28,12.012,33.007,11.596,12.318,32.971,33.053,7
2021,29,10.811,33.265,10.538,11.437,33.051,33.37,7
2021,30,10.797,33.409,10.399,11.013,33.363,33.469,7
2021,31,11.036,33.207,10.328,12.158,32.833,33.448,7
2021,32,12.366,32.874,11.973,12.656,32.817,32.97,7
2021,33,10.803,33.296,9.931,11.468,33.087,33.554,7
2021,34,10.313,33.406,10.012,10.592,33.183,33.558,7
2021,35,10.252,33.124,9.914,10.612,33.083,33.164,7
2021,36,9.996,33.007,9.883,10.096,32.917,33.096,7
2021,37,9.716,33.14,9.624,9.814,33.053,33.271,7
2021,38,9.862,33.417,9.728,9.998,33.246,33.566,7
2021,39,9.891,33.659,9.749,10.006,33.627,33.679,7
2021,40,9.447,33.599,9.147,9.765,33.55,33.671,7
2021,41,8.701,33.578,8.313,9.161,33.536,33.622,7
2021,42,7.681,33.733,7.295,8.307,33.663,33.802,7
2021,43,7.443,33.75,7.227,7.596,33.709,33.821,7
2021,44,7.639,33.7,7.427,7.741,33.688,33.713,7
2021,45,7.245,33.641,7.028,7.504,33.607,33.685,7
2021,46,7.454,33.633,7.257,7.621,33.601,33.655,7
2021,47,6.781,33.786,6.43,7.078,33.667,33.919,7
2021,48,6.223,34.013,5.761,6.68,33.949,34.05,7
2021,49,5.745,34.011,5.505,5.913,33.97,34.051,7
2021,50,6.197,33.901,6.015,6.385,33.836,33.959,7
2021,51,5.667,33.896,5.518,6.051,33.854,33.935,7
2021,52,5.067,33.919,4.817,5.412,33.905,33.93,7
2022,1,4.707,33.859,4.611,4.814,33.825,33.901,7
2022,2,4.789,33.788,4.439,5.157,33.699,33.839,7
2022,3,4.649,33.731,4.532,4.987,33.694,33.756,7
2022,4,4.484,33.74,3.853,5.104,33.723,33.752,7
2022,5,3.526,33.794,3.196,3.915,33.746,33.831,7
2022,6,3.384,33.809,3.28,3.455,33.771,33.869,7
2022,7,3.104,33.978,2.956,3.231,33.892,34.067,7
2022,8,3.186,34.078,2.969,4.008,34.035,34.099,7
2022,9,3.936,33.943,3.701,4.26,33.879,34.029,7
2022,10,3.907,33.891,3.701,4.187,33.869,33.923,7
2022,11,4.223,33.922,4.149,4.41,33.895,33.941,7
2022,12,4.303,33.819,4.117,4.44,33.73,33.916,7
2022,13,4.022,33.911,3.896,4.112,33.89,33.942,7
2022,14,3.89,33.916,3.716,4.142,33.893,33.93,7
2022,15,4.288,33.843,4.196,4.338,33.7,33.923,7
2022,16,4.688,33.567,4.338,4.857,33.543,33.634,7
2022,17,4.518,33.56,4.37,4.851,33.533,33.583,7
2022,18,4.563,33.543,4.42,4.84,33.514,33.592,7
2022,19,5.249,33.411,4.896,5.624,33.343,33.562,7
2022,20,6.095,33.417,5.507,7.164,33.369,33.45,7
2022,21,7.808,33.395,7.383,8.24,33.346,33.474,7
2022,22,9.243,33.378,8.32,10.104,33.235,33.494,7
2022,23,8.311,33.335,8.052,8.611,33.284,33.376,7
2022,24,8.92,33.452,8.566,9.577,33.317,33.546,7
2022,25,9.662,33.216,9.4,10.681,33.081,33.345,7
2022,26,12.358,33.106,11.317,13.412,32.972,33.251,7
2022,27,12.503,32.852,11.918,13.294,32.797,32.886,7
2022,28,12.487,32.79,11.797,12.975,32.673,32.9,7
2022,29,12.118,32.793,11.687,12.425,32.648,33.036,7
2022,30,12.352,33.017,12.035,12.98,32.926,33.048,7
2022,31,13.267,32.851,13.081,13.431,32.776,32.981,7
2022,32,12.61,33.144,12.102,13.123,32.884,33.436,7
2022,33,12.243,33.463,12.001,12.551,33.359,33.529,7
2022,34,12.164,33.16,11.938,12.416,32.944,33.303,7
2022,35,11.282,33.497,10.893,11.765,33.342,33.643,7
2022,36,10.692,33.617,10.564,10.837,33.428,33.721,7
2022,37,10.258,33.672,10.111,10.509,33.398,33.927,7
2022,38,10.019,33.848,9.783,10.209,33.455,34.11,7
2022,39,9.941,33.597,9.696,10.163,33.529,33.664,7
2022,40,9.787,33.572,9.692,9.955,33.479,33.658,7
2022,41,9.997,33.513,9.913,10.049,33.498,33.532,7
2022,42,9.587,33.454,9.144,9.876,33.409,33.49,7
2022,43,8.697,33.414,8.513,8.926,33.397,33.436,7
2022,44,8.68,33.427,8.546,8.777,33.409,33.439,7
2022,45,8.001,33.385,7.642,8.46,33.282,33.433,7
2022,46,7.525,33.406,7.151,7.914,33.332,33.486,7
2022,47,6.7,33.562,6.461,7.059,33.509,33.595,7
2022,48,6.787,33.601,6.705,6.896,33.582,33.625,7
2022,49,6.346,33.637,5.603,6.905,33.598,33.674,7
2022,50,5.681,33.688,5.509,5.817,33.66,33.705,7
2022,51,5.636,33.734,5.482,5.884,33.715,33.752,7
2022,52,5.403,33.786,5.206,5.521,33.751,33.807,7
2023,1,4.962,33.812,4.183,5.499,33.773,33.857,7
2023,2,4.958,33.856,4.29,5.512,33.827,33.872,7
2023,3,5.19,33.815,5.061,5.346,33.808,33.827,7
2023,4,5.109,33.772,4.913,5.45,33.735,33.807,7
2023,5,4.685,33.743,4.439,4.884,33.734,33.749,7
2023,6,5.036,33.628,4.576,5.481,33.559,33.723,7
2023,7,5.128,33.663,4.875,5.32,33.62,33.699,7
2023,8,4.689,33.729,4.583,4.88,33.712,33.741,7
2023,9,4.608,33.771,4.486,4.815,33.729,33.865,7
2023,10,4.143,33.933,3.882,4.465,33.879,33.959,7
2023,11,3.763,33.99,3.467,4.142,33.976,34.0,7
2023,12,3.269,33.969,3.007,3.542,33.963,33.985,7
2023,13,3.094,33.958,2.938,3.326,33.944,33.971,7
2023,14,3.616,33.923,3.247,3.914,33.871,33.949,7
2023,15,4.105,33.866,3.973,4.263,33.859,33.87,7
2023,16,4.46,33.806,4.306,4.61,33.751,33.851,7
2023,17,4.507,33.793,4.333,4.637,33.746,33.825,7
2023,18,4.79,33.759,4.661,4.967,33.738,33.775,7
2023,19,5.648,33.751,5.076,5.982,33.702,33.841,7
2023,20,6.557,33.929,6.337,6.7,33.875,33.973,7
2023,21,6.808,33.967,6.539,7.054,33.931,33.999,7
2023,22,6.828,33.914,6.718,6.935,33.9,33.927,7
2023,23,7.311,33.893,6.901,7.786,33.806,33.959,7
2023,24,8.075,33.952,7.695,8.92,33.884,34.006,7
2023,25,11.197,33.305,10.05,11.791,32.275,33.883,7
2023,26,11.466,33.289,10.315,11.986,32.554,33.983,7
2023,27,10.741,33.965,10.1,11.545,33.76,34.054,7
2023,28,13.03,33.406,11.937,13.655,33.186,33.632,7
2023,29,13.442,33.11,12.919,13.953,32.963,33.287,7
2023,30,13.11,33.34,11.999,13.693,33.018,33.668,7
2023,31,12.727,33.596,11.881,13.504,33.216,33.725,7
2023,32,14.078,33.24,13.617,14.51,33.055,33.468,7
2023,33,13.417,33.495,12.662,14.485,33.07,33.775,7
2023,34,12.691,33.735,12.648,12.753,33.653,33.778,7
2023,35,12.952,33.619,12.816,13.038,33.479,33.76,7
2023,36,12.524,33.886,12.333,12.906,33.534,34.059,7
2023,37,11.932,34.025,11.581,12.356,34.005,34.05,7
2023,38,10.85,34.064,10.527,11.508,34.013,34.09,7
2023,39,10.496,33.896,10.38,10.603,33.764,34.061,7
2023,40,9.519,33.789,8.984,10.166,33.77,33.811,7
2023,41,8.554,33.791,8.371,8.914,33.767,33.818,7
2023,42,8.298,33.838,8.126,8.5,33.815,33.849,7
2023,43,7.681,33.822,7.514,8.006,33.786,33.854,7
2023,44,7.088,33.757,6.477,7.468,33.75,33.774,7
2023,45,6.624,33.738,6.376,6.805,33.711,33.756,7
2023,46,6.185,33.671,6.133,6.239,33.619,33.708,7
2023,47,6.063,33.614,5.954,6.229,33.601,33.626,7
2023,48,5.375,33.644,5.209,5.81,33.606,33.682,7
2023,49,5.081,33.699,4.88,5.354,33.68,33.72,7
2023,50,5.02,33.732,4.729,5.642,33.716,33.749,7
2023,51,5.152,33.732,4.561,5.624,33.713,33.759,7
2023,52,4.589,33.801,4.282,4.919,33.769,33.85,7
2024,1,4.345,33.896,4.058,4.787,33.866,33.916,7
2024,2,4.821,33.881,4.476,5.07,33.865,33.924,7
2024,3,3.619,33.98,3.129,4.294,33.938,34.001,7
2024,4,3.963,33.947,3.734,4.351,33.884,33.986,7
2024,5,4.389,33.808,4.029,4.695,33.746,33.871,7
2024,6,3.516,33.811,3.156,3.969,33.781,33.833,7
2024,7,3.009,33.892,2.84,3.178,33.838,33.926,7
2024,8,3.371,33.958,3.198,3.641,33.855,34.061,7
2024,9,4.181,34.217,3.799,4.653,34.1,34.317,7
2024,10,4.764,34.341,4.659,4.918,34.333,34.346,7
2024,11,4.714,34.331,4.23,5.02,34.321,34.339,7
2024,12,4.538,34.301,4.343,4.673,34.285,34.321,7
2024,13,4.056,34.278,3.986,4.261,34.254,34.313,7
2024,14,3.817,34.339,3.721,3.954,34.327,34.357,7
2024,15,4.434,34.308,3.896,4.796,34.294,34.356,7
2024,16,4.699,34.318,4.63,4.758,34.312,34.328,7
2024,17,4.99,34.336,4.636,5.33,34.331,34.339,7
2024,18,5.744,34.233,5.415,5.983,34.167,34.327,7
2024,19,5.591,34.136,5.548,5.625,33.979,34.2,7
2024,20,6.154,33.799,5.674,6.521,33.712,33.907,7
2024,21,6.646,33.694,6.138,7.56,33.629,33.724,7
2024,22,9.205,33.481,7.849,9.74,33.372,33.615,7
2024,23,9.939,33.319,9.354,10.371,33.267,33.348,7
2024,24,10.499,33.399,10.049,10.87,33.331,33.488,7
2024,25,11.499,33.21,11.237,11.93,32.916,33.347,7
2024,26,11.528,33.16,11.127,11.847,32.907,33.27,7
2024,27,12.089,33.281,11.81,12.528,33.206,33.378,7
2024,28,12.023,33.071,11.819,12.382,33.025,33.114,7
2024,29,13.276,33.116,12.415,14.476,32.752,33.261,7
2024,30,15.123,32.645,14.79,15.507,32.565,32.744,7
2024,31,15.08,32.75,14.845,15.612,32.612,32.824,7
2024,32,16.507,32.611,16.047,16.685,32.541,32.701,7
2024,33,16.58,32.688,16.234,16.8,32.52,32.856,7
2024,34,15.693,33.003,15.241,16.109,32.913,33.031,7
2024,35,14.544,33.038,14.047,15.09,32.985,33.093,7
2024,36,14.127,33.05,14.011,14.242,33.006,33.077,7
2024,37,13.761,32.976,13.367,14.075,32.949,33.001,7
2024,38,12.835,32.886,12.221,13.277,32.823,32.955,7
2024,39,11.746,32.983,11.477,12.009,32.848,33.056,7
2024,40,11.111,33.077,10.672,11.354,33.063,33.092,7
2024,41,10.073,33.216,9.937,10.412,33.126,33.287,7
2024,42,10.183,33.09,10.002,10.288,33.035,33.174,7
2024,43,9.976,33.017,9.754,10.122,32.997,33.04,7
2024,44,8.822,33.019,8.289,9.56,32.995,33.074,7
2024,45,8.64,33.211,8.173,8.959,33.118,33.252,7
2024,46,8.35,33.168,8.077,8.589,33.006,33.265,7
2024,47,7.273,33.232,6.925,7.884,33.121,33.299,7
2024,48,7.14,33.351,6.962,7.408,33.328,33.369,7
2024,49,6.505,33.347,6.366,6.771,33.309,33.381,7
2024,50,6.193,33.372,5.609,6.895,33.299,33.474,7
2024,51,5.216,33.467,4.929,5.711,33.457,33.482,7
2024,52,5.141,33.53,4.643,5.43,33.492,33.557,7
2025,1,5.099,33.558,4.989,5.21,33.548,33.568,2
