anio_chile,semana_chile,anio_noruega,semana_noruega,temperatura_chile_C,temperatura_noruega_C,delta_temperatura_C,delta_temperatura_abs_C,salinidad_chile_PSU,salinidad_noruega_PSU,delta_salinidad_PSU,delta_salinidad_abs_PSU,cumple_temperatura,cumple_salinidad,cumple_ambos_criterios,comparabilidad_general
2014,1,2014,27,14.942,9.932,5.01,5.01,33.137,33.317,-0.18,0.18,False,True,False,No comparable
2014,2,2014,28,15.428,12.774,2.654,2.654,33.182,32.679,0.503,0.503,True,True,True,Comparable
2014,3,2014,29,16.371,15.229,1.142,1.142,33.24,32.441,0.799,0.799,True,True,True,Comparable
2014,4,2014,30,15.815,17.774,-1.959,1.959,33.238,32.034,1.204,1.204,True,True,True,Comparable
2014,5,2014,31,15.504,18.677,-3.173,3.173,33.246,31.748,1.498,1.498,False,True,False,No comparable
2014,6,2014,32,15.325,18.308,-2.983,2.983,33.251,31.266,1.985,1.985,True,True,True,Comparable
2014,7,2014,33,15.613,16.647,-1.034,1.034,33.28,31.412,1.868,1.868,True,True,True,Comparable
2014,8,2014,34,15.911,14.938,0.973,0.973,33.321,31.923,1.398,1.398,True,True,True,Comparable
2014,9,2014,35,15.515,14.54,0.975,0.975,33.396,32.042,1.354,1.354,True,True,True,Comparable
2014,10,2014,36,15.511,15.417,0.094,0.094,33.424,31.042,2.382,2.382,True,True,True,Comparable
2014,11,2014,37,14.904,15.592,-0.688,0.688,33.427,30.679,2.748,2.748,True,True,True,Comparable
2014,12,2014,38,14.462,15.746,-1.284,1.284,33.454,30.893,2.561,2.561,True,True,True,Comparable
2014,13,2014,39,14.181,14.775,-0.594,0.594,33.484,31.423,2.061,2.061,True,True,True,Comparable
2014,14,2014,40,13.765,14.221,-0.456,0.456,33.509,31.857,1.652,1.652,True,True,True,Comparable
2014,15,2014,41,13.538,13.689,-0.151,0.151,33.513,32.296,1.217,1.217,True,True,True,Comparable
2014,16,2014,42,13.088,13.174,-0.086,0.086,33.504,32.571,0.933,0.933,True,True,True,Comparable
2014,17,2014,43,12.885,13.288,-0.403,0.403,33.499,32.715,0.784,0.784,True,True,True,Comparable
2014,18,2014,44,12.524,12.715,-0.191,0.191,33.491,32.738,0.753,0.753,True,True,True,Comparable
2014,19,2014,45,12.172,12.208,-0.036,0.036,33.434,32.401,1.033,1.033,True,True,True,Comparable
2014,20,2014,46,11.927,11.669,0.258,0.258,33.423,32.034,1.389,1.389,True,True,True,Comparable
2014,21,2014,47,11.676,11.267,0.409,0.409,33.383,32.094,1.289,1.289,True,True,True,Comparable
2014,22,2014,48,11.44,10.714,0.726,0.726,33.417,32.457,0.96,0.96,True,True,True,Comparable
2014,23,2014,49,10.908,10.164,0.744,0.744,33.157,32.756,0.401,0.401,True,True,True,Comparable
2014,24,2014,50,10.741,9.641,1.1,1.1,33.188,32.879,0.309,0.309,True,True,True,Comparable
2014,25,2014,51,10.477,8.978,1.499,1.499,32.921,33.044,-0.123,0.123,True,True,True,Comparable
2014,26,2014,52,10.429,8.19,2.239,2.239,32.868,33.066,-0.198,0.198,True,True,True,Comparable
2014,27,2015,1,10.27,8.164,2.106,2.106,32.78,33.504,-0.724,0.724,True,True,True,Comparable
2014,28,2015,2,9.976,8.271,1.705,1.705,32.515,33.59,-1.075,1.075,True,True,True,Comparable
2014,29,2015,3,10.005,8.158,1.847,1.847,32.471,33.505,-1.034,1.034,True,True,True,Comparable
2014,30,2015,4,9.84,7.809,2.031,2.031,32.523,33.426,-0.903,0.903,True,True,True,Comparable
2014,31,2015,5,9.911,7.409,2.502,2.502,32.711,33.369,-0.658,0.658,True,True,True,Comparable
2014,32,2015,6,9.987,7.245,2.742,2.742,32.773,33.413,-0.64,0.64,True,True,True,Comparable
2014,33,2015,7,9.845,7.004,2.841,2.841,32.676,33.436,-0.76,0.76,True,True,True,Comparable
2014,34,2015,8,10.159,7.036,3.123,3.123,32.705,33.725,-1.02,1.02,False,True,False,No comparable
2014,35,2015,9,10.457,6.562,3.895,3.895,32.58,33.711,-1.131,1.131,False,True,False,No comparable
2014,36,2015,10,10.735,6.238,4.497,4.497,32.598,33.627,-1.029,1.029,False,True,False,No comparable
2014,37,2015,11,10.796,6.237,4.559,4.559,32.532,33.563,-1.031,1.031,False,True,False,No comparable
2014,38,2015,12,10.939,6.217,4.722,4.722,32.406,33.415,-1.009,1.009,False,True,False,No comparable
2014,39,2015,13,10.86,6.16,4.7,4.7,32.412,33.357,-0.945,0.945,False,True,False,No comparable
2014,40,2015,14,11.246,6.22,5.026,5.026,32.304,33.347,-1.043,1.043,False,True,False,No comparable
2014,41,2015,15,11.428,6.35,5.078,5.078,32.495,33.293,-0.798,0.798,False,True,False,No comparable
2014,42,2015,16,11.579,6.462,5.117,5.117,32.658,33.153,-0.495,0.495,False,True,False,No comparable
2014,43,2015,17,12.018,6.879,5.139,5.139,32.596,33.182,-0.586,0.586,False,True,False,No comparable
2014,44,2015,18,12.214,7.213,5.001,5.001,32.649,33.119,-0.47,0.47,False,True,False,No comparable
2014,45,2015,19,12.218,7.573,4.645,4.645,32.711,32.892,-0.181,0.181,False,True,False,No comparable
2014,46,2015,20,12.745,8.066,4.679,4.679,32.775,32.605,0.17,0.17,False,True,False,No comparable
2014,47,2015,21,13.507,8.59,4.917,4.917,32.812,32.457,0.355,0.355,False,True,False,No comparable
2014,48,2015,22,13.962,9.203,4.759,4.759,32.854,32.318,0.536,0.536,False,True,False,No comparable
2014,49,2015,23,14.845,9.779,5.066,5.066,32.901,32.268,0.633,0.633,False,True,False,No comparable
2014,50,2015,24,14.863,10.127,4.736,4.736,32.994,32.129,0.865,0.865,False,True,False,No comparable
2014,51,2015,25,14.669,10.929,3.74,3.74,33.122,31.637,1.485,1.485,False,True,False,No comparable
2014,52,2015,26,14.237,11.375,2.862,2.862,33.121,31.755,1.366,1.366,True,True,True,Comparable
2015,1,2015,27,14.511,12.406,2.105,2.105,33.083,31.552,1.531,1.531,True,True,True,Comparable
2015,2,2015,28,14.717,11.771,2.946,2.946,33.141,31.622,1.519,1.519,True,True,True,Comparable
2015,3,2015,29,14.721,12.032,2.689,2.689,33.168,31.973,1.195,1.195,True,True,True,Comparable
2015,4,2015,30,15.564,12.986,2.578,2.578,33.19,32.013,1.177,1.177,True,True,True,Comparable
2015,5,2015,31,16.194,12.249,3.945,3.945,33.182,32.451,0.731,0.731,False,True,False,No comparable
2015,6,2015,32,16.373,13.484,2.889,2.889,33.204,32.526,0.678,0.678,True,True,True,Comparable
2015,7,2015,33,15.489,14.673,0.816,0.816,33.247,32.065,1.182,1.182,True,True,True,Comparable
2015,8,2015,34,14.848,15.615,-0.767,0.767,33.325,31.506,1.819,1.819,True,True,True,Comparable
2015,9,2015,35,14.552,16.452,-1.9,1.9,33.392,30.07,3.322,3.322,True,False,False,No comparable
2015,10,2015,36,14.667,15.792,-1.125,1.125,33.385,30.22,3.165,3.165,True,False,False,No comparable
2015,11,2015,37,14.969,14.372,0.597,0.597,33.363,31.315,2.048,2.048,True,True,True,Comparable
2015,12,2015,38,14.697,14.599,0.098,0.098,33.354,30.925,2.429,2.429,True,True,True,Comparable
2015,13,2015,39,14.603,14.183,0.42,0.42,33.401,30.78,2.621,2.621,True,True,True,Comparable
2015,14,2015,40,14.197,13.991,0.206,0.206,33.406,30.513,2.893,2.893,True,True,True,Comparable
2015,15,2015,41,14.069,13.592,0.477,0.477,33.391,30.514,2.877,2.877,True,True,True,Comparable
2015,16,2015,42,13.917,13.223,0.694,0.694,33.372,30.546,2.826,2.826,True,True,True,Comparable
2015,17,2015,43,13.569,12.627,0.942,0.942,33.373,30.641,2.732,2.732,True,True,True,Comparable
2015,18,2015,44,13.381,11.935,1.446,1.446,33.375,31.15,2.225,2.225,True,True,True,Comparable
2015,19,2015,45,12.945,11.796,1.149,1.149,33.39,31.838,1.552,1.552,True,True,True,Comparable
2015,20,2015,46,12.724,11.249,1.475,1.475,33.332,32.36,0.972,0.972,True,True,True,Comparable
2015,21,2015,47,12.305,10.451,1.854,1.854,33.284,32.42,0.864,0.864,True,True,True,Comparable
2015,22,2015,48,11.896,9.875,2.021,2.021,33.221,32.487,0.734,0.734,True,True,True,Comparable
2015,23,2015,49,11.806,9.337,2.469,2.469,33.076,32.592,0.484,0.484,True,True,True,Comparable
2015,24,2015,50,11.484,8.957,2.527,2.527,32.955,32.966,-0.011,0.011,True,True,True,Comparable
2015,25,2015,51,11.174,8.655,2.519,2.519,33.0,33.084,-0.084,0.084,True,True,True,Comparable
2015,26,2015,52,11.004,8.869,2.135,2.135,32.991,33.267,-0.276,0.276,True,True,True,Comparable
2015,27,2016,1,10.909,7.98,2.929,2.929,33.011,33.4,-0.389,0.389,True,True,True,Comparable
2015,28,2016,2,10.803,7.463,3.34,3.34,33.002,33.476,-0.474,0.474,False,True,False,No comparable
2015,29,2016,3,10.585,7.02,3.565,3.565,33.015,33.506,-0.491,0.491,False,True,False,No comparable
2015,30,2016,4,10.459,7.028,3.431,3.431,32.845,33.593,-0.748,0.748,False,True,False,No comparable
2015,31,2016,5,10.528,6.768,3.76,3.76,32.706,33.642,-0.936,0.936,False,True,False,No comparable
2015,32,2016,6,10.458,6.582,3.876,3.876,32.708,33.643,-0.935,0.935,False,True,False,No comparable
2015,33,2016,7,10.32,6.292,4.028,4.028,32.614,33.718,-1.104,1.104,False,True,False,No comparable
2015,34,2016,8,10.371,6.015,4.356,4.356,32.66,33.723,-1.063,1.063,False,True,False,No comparable
2015,35,2016,9,10.496,5.758,4.738,4.738,32.718,33.66,-0.942,0.942,False,True,False,No comparable
2015,36,2016,10,10.516,5.756,4.76,4.76,32.669,33.682,-1.013,1.013,False,True,False,No comparable
2015,37,2016,11,10.307,6.07,4.237,4.237,32.654,33.712,-1.058,1.058,False,True,False,No comparable
2015,38,2016,12,10.109,6.067,4.042,4.042,32.762,33.719,-0.957,0.957,False,True,False,No comparable
2015,39,2016,13,10.539,5.784,4.755,4.755,32.83,33.368,-0.538,0.538,False,True,False,No comparable
2015,40,2016,14,10.669,6.152,4.517,4.517,32.792,33.229,-0.437,0.437,False,True,False,No comparable
2015,41,2016,15,10.889,6.563,4.326,4.326,32.754,33.253,-0.499,0.499,False,True,False,No comparable
2015,42,2016,16,11.311,6.51,4.801,4.801,32.695,33.256,-0.561,0.561,False,True,False,No comparable
2015,43,2016,17,11.688,6.788,4.9,4.9,32.673,33.352,-0.679,0.679,False,True,False,No comparable
2015,44,2016,18,11.938,7.373,4.565,4.565,32.729,33.207,-0.478,0.478,False,True,False,No comparable
2015,45,2016,19,12.042,8.195,3.847,3.847,32.872,33.183,-0.311,0.311,False,True,False,No comparable
2015,46,2016,20,12.88,8.126,4.754,4.754,32.936,33.154,-0.218,0.218,False,True,False,No comparable
2015,47,2016,21,13.027,9.503,3.524,3.524,32.873,32.817,0.056,0.056,False,True,False,No comparable
2015,48,2016,22,13.758,9.545,4.213,4.213,32.847,32.974,-0.127,0.127,False,True,False,No comparable
2015,49,2016,23,14.445,10.246,4.199,4.199,32.866,32.943,-0.077,0.077,False,True,False,No comparable
2015,50,2016,24,14.096,11.001,3.095,3.095,32.939,32.773,0.166,0.166,False,True,False,No comparable
2015,51,2016,25,14.35,11.668,2.682,2.682,32.964,32.675,0.289,0.289,True,True,True,Comparable
2015,52,2016,26,14.745,13.192,1.553,1.553,32.972,32.192,0.78,0.78,True,True,True,Comparable
2016,1,2016,27,15.842,13.87,1.972,1.972,33.016,31.809,1.207,1.207,True,True,True,Comparable
2016,2,2016,28,15.826,14.314,1.512,1.512,33.064,31.527,1.537,1.537,True,True,True,Comparable
2016,3,2016,29,16.684,15.105,1.579,1.579,33.073,31.314,1.759,1.759,True,True,True,Comparable
2016,4,2016,30,16.854,15.955,0.899,0.899,33.072,31.221,1.851,1.851,True,True,True,Comparable
2016,5,2016,31,17.039,15.933,1.106,1.106,33.108,30.942,2.166,2.166,True,True,True,Comparable
2016,6,2016,32,16.728,14.706,2.022,2.022,33.143,31.035,2.108,2.108,True,True,True,Comparable
2016,7,2016,33,16.466,14.703,1.763,1.763,33.154,30.995,2.159,2.159,True,True,True,Comparable
2016,8,2016,34,16.312,15.708,0.604,0.604,33.172,31.092,2.08,2.08,True,True,True,Comparable
2016,9,2016,35,15.93,15.512,0.418,0.418,33.206,31.467,1.739,1.739,True,True,True,Comparable
2016,10,2016,36,15.311,15.467,-0.156,0.156,33.244,31.76,1.484,1.484,True,True,True,Comparable
2016,11,2016,37,14.718,15.8,-1.082,1.082,33.286,31.538,1.748,1.748,True,True,True,Comparable
2016,12,2016,38,14.256,15.859,-1.603,1.603,33.319,30.982,2.337,2.337,True,True,True,Comparable
2016,13,2016,39,14.259,15.436,-1.177,1.177,33.299,30.735,2.564,2.564,True,True,True,Comparable
2016,14,2016,40,13.944,14.326,-0.382,0.382,33.313,30.846,2.467,2.467,True,True,True,Comparable
2016,15,2016,41,13.467,13.694,-0.227,0.227,33.342,30.9,2.442,2.442,True,True,True,Comparable
2016,16,2016,42,12.897,13.144,-0.247,0.247,33.342,30.941,2.401,2.401,True,True,True,Comparable
2016,17,2016,43,12.644,12.482,0.162,0.162,33.324,31.682,1.642,1.642,True,True,True,Comparable
2016,18,2016,44,12.591,11.701,0.89,0.89,33.296,31.946,1.35,1.35,True,True,True,Comparable
2016,19,2016,45,12.593,10.415,2.178,2.178,33.256,32.429,0.827,0.827,True,True,True,Comparable
2016,20,2016,46,12.489,9.861,2.628,2.628,33.179,32.732,0.447,0.447,True,True,True,Comparable
2016,21,2016,47,12.194,9.203,2.991,2.991,33.04,32.702,0.338,0.338,True,True,True,Comparable
2016,22,2016,48,11.727,8.674,3.053,3.053,32.621,32.94,-0.319,0.319,False,True,False,No comparable
2016,23,2016,49,11.645,8.359,3.286,3.286,32.75,33.134,-0.384,0.384,False,True,False,No comparable
2016,24,2016,50,11.52,8.24,3.28,3.28,32.856,33.131,-0.275,0.275,False,True,False,No comparable
2016,25,2016,51,11.311,8.316,2.995,2.995,32.906,33.248,-0.342,0.342,True,True,True,Comparable
2016,26,2016,52,11.229,8.11,3.119,3.119,32.886,33.371,-0.485,0.485,False,True,False,No comparable
2016,27,2017,1,11.105,7.744,3.361,3.361,32.914,33.498,-0.584,0.584,False,True,False,No comparable
2016,28,2017,2,11.019,7.468,3.551,3.551,32.879,33.618,-0.739,0.739,False,True,False,No comparable
2016,29,2017,3,10.894,7.049,3.845,3.845,32.809,33.693,-0.884,0.884,False,True,False,No comparable
2016,30,2017,4,10.631,7.082,3.549,3.549,32.586,33.801,-1.215,1.215,False,True,False,No comparable
2016,31,2017,5,10.712,6.933,3.779,3.779,32.406,33.871,-1.465,1.465,False,True,False,No comparable
2016,32,2017,6,10.761,6.754,4.007,4.007,32.088,34.014,-1.926,1.926,False,True,False,No comparable
2016,33,2017,7,10.607,6.521,4.086,4.086,31.939,33.999,-2.06,2.06,False,True,False,No comparable
2016,34,2017,8,10.616,6.303,4.313,4.313,31.987,33.888,-1.901,1.901,False,True,False,No comparable
2016,35,2017,9,10.52,6.042,4.478,4.478,32.145,33.524,-1.379,1.379,False,True,False,No comparable
2016,36,2017,10,10.731,5.961,4.77,4.77,32.177,33.15,-0.973,0.973,False,True,False,No comparable
2016,37,2017,11,10.838,5.956,4.882,4.882,32.258,33.046,-0.788,0.788,False,True,False,No comparable
2016,38,2017,12,11.296,6.0,5.296,5.296,32.302,33.015,-0.713,0.713,False,True,False,No comparable
2016,39,2017,13,11.675,6.208,5.467,5.467,32.383,32.952,-0.569,0.569,False,True,False,No comparable
2016,40,2017,14,11.831,6.501,5.33,5.33,32.401,32.824,-0.423,0.423,False,True,False,No comparable
2016,41,2017,15,11.618,6.655,4.963,4.963,32.493,32.88,-0.387,0.387,False,True,False,No comparable
2016,42,2017,16,12.342,6.759,5.583,5.583,32.413,33.021,-0.608,0.608,False,True,False,No comparable
2016,43,2017,17,13.33,6.992,6.338,6.338,32.427,33.411,-0.984,0.984,False,True,False,No comparable
2016,44,2017,18,12.921,7.925,4.996,4.996,32.564,33.599,-1.035,1.035,False,True,False,No comparable
2016,45,2017,19,13.132,8.09,5.042,5.042,32.579,33.711,-1.132,1.132,False,True,False,No comparable
2016,46,2017,20,13.129,9.294,3.835,3.835,32.662,33.353,-0.691,0.691,False,True,False,No comparable
2016,47,2017,21,14.353,10.218,4.135,4.135,32.733,33.238,-0.505,0.505,False,True,False,No comparable
2016,48,2017,22,15.18,10.911,4.269,4.269,32.762,33.034,-0.272,0.272,False,True,False,No comparable
2016,49,2017,23,15.314,11.589,3.725,3.725,32.754,32.736,0.018,0.018,False,True,False,No comparable
2016,50,2017,24,15.049,12.31,2.739,2.739,32.792,31.913,0.879,0.879,True,True,True,Comparable
2016,51,2017,25,15.404,12.444,2.96,2.96,32.797,31.362,1.435,1.435,True,True,True,Comparable
2016,52,2017,26,15.973,12.498,3.475,3.475,32.805,31.46,1.345,1.345,False,True,False,No comparable
2017,1,2017,27,15.962,12.79,3.172,3.172,32.835,31.796,1.039,1.039,False,True,False,No comparable
2017,2,2017,28,15.946,13.769,2.177,2.177,32.864,31.465,1.399,1.399,True,True,True,Comparable
2017,3,2017,29,16.418,15.023,1.395,1.395,32.877,31.28,1.597,1.597,True,True,True,Comparable
2017,4,2017,30,17.403,16.127,1.276,1.276,32.88,31.104,1.776,1.776,True,True,True,Comparable
2017,5,2017,31,17.081,16.308,0.773,0.773,32.871,31.516,1.355,1.355,True,True,True,Comparable
2017,6,2017,32,17.02,15.955,1.065,1.065,32.858,31.444,1.414,1.414,True,True,True,Comparable
2017,7,2017,33,17.151,15.619,1.532,1.532,32.866,31.018,1.848,1.848,True,True,True,Comparable
2017,8,2017,34,16.763,15.682,1.081,1.081,32.88,30.884,1.996,1.996,True,True,True,Comparable
2017,9,2017,35,16.55,15.596,0.954,0.954,32.892,30.513,2.379,2.379,True,True,True,Comparable
2017,10,2017,36,16.201,15.379,0.822,0.822,32.88,30.61,2.27,2.27,True,True,True,Comparable
2017,11,2017,37,16.077,15.014,1.063,1.063,32.882,30.702,2.18,2.18,True,True,True,Comparable
2017,12,2017,38,16.083,14.812,1.271,1.271,32.881,31.138,1.743,1.743,True,True,True,Comparable
2017,13,2017,39,16.0,14.994,1.006,1.006,32.851,31.386,1.465,1.465,True,True,True,Comparable
2017,14,2017,40,15.415,14.387,1.028,1.028,32.86,31.576,1.284,1.284,True,True,True,Comparable
2017,15,2017,41,14.817,13.46,1.357,1.357,32.914,31.844,1.07,1.07,True,True,True,Comparable
2017,16,2017,42,14.599,12.751,1.848,1.848,32.904,31.692,1.212,1.212,True,True,True,Comparable
2017,17,2017,43,14.188,12.277,1.911,1.911,32.895,31.478,1.417,1.417,True,True,True,Comparable
2017,18,2017,44,13.85,11.382,2.468,2.468,32.884,31.885,0.999,0.999,True,True,True,Comparable
2017,19,2017,45,13.514,10.807,2.707,2.707,32.835,32.083,0.752,0.752,True,True,True,Comparable
2017,20,2017,46,13.062,10.059,3.003,3.003,32.745,32.441,0.304,0.304,False,True,False,No comparable
2017,21,2017,47,12.488,9.401,3.087,3.087,32.693,32.557,0.136,0.136,False,True,False,No comparable
2017,22,2017,48,12.272,8.743,3.529,3.529,32.584,32.69,-0.106,0.106,False,True,False,No comparable
2017,23,2017,49,12.02,8.596,3.424,3.424,32.678,33.056,-0.378,0.378,False,True,False,No comparable
2017,24,2017,50,11.615,7.957,3.658,3.658,32.725,33.095,-0.37,0.37,False,True,False,No comparable
2017,25,2017,51,11.216,8.012,3.204,3.204,32.736,33.347,-0.611,0.611,False,True,False,No comparable
2017,26,2017,52,10.927,7.669,3.258,3.258,32.659,33.391,-0.732,0.732,False,True,False,No comparable
2017,27,2018,1,10.822,7.307,3.515,3.515,32.713,33.464,-0.751,0.751,False,True,False,No comparable
2017,28,2018,2,10.486,7.045,3.441,3.441,32.634,33.602,-0.968,0.968,False,True,False,No comparable
2017,29,2018,3,10.161,6.78,3.381,3.381,32.394,33.504,-1.11,1.11,False,True,False,No comparable
2017,30,2018,4,10.243,6.592,3.651,3.651,32.546,33.386,-0.84,0.84,False,True,False,No comparable
2017,31,2018,5,10.209,6.373,3.836,3.836,32.578,33.269,-0.691,0.691,False,True,False,No comparable
2017,32,2018,6,10.355,6.079,4.276,4.276,32.715,33.031,-0.316,0.316,False,True,False,No comparable
2017,33,2018,7,10.28,5.804,4.476,4.476,32.729,32.618,0.111,0.111,False,True,False,No comparable
2017,34,2018,8,10.18,5.541,4.639,4.639,32.839,32.27,0.569,0.569,False,True,False,No comparable
2017,35,2018,9,10.117,4.933,5.184,5.184,32.798,32.273,0.525,0.525,False,True,False,No comparable
2017,36,2018,10,10.057,3.929,6.128,6.128,32.662,31.83,0.832,0.832,False,True,False,No comparable
2017,37,2018,11,10.109,3.724,6.385,6.385,32.43,31.549,0.881,0.881,False,True,False,No comparable
2017,38,2018,12,10.375,3.871,6.504,6.504,32.454,31.408,1.046,1.046,False,True,False,No comparable
2017,39,2018,13,10.583,4.141,6.442,6.442,32.558,31.229,1.329,1.329,False,True,False,No comparable
2017,40,2018,14,10.609,4.333,6.276,6.276,32.612,31.193,1.419,1.419,False,True,False,No comparable
2017,41,2018,15,10.992,5.291,5.701,5.701,32.597,31.303,1.294,1.294,False,True,False,No comparable
2017,42,2018,16,11.455,6.149,5.306,5.306,32.631,31.715,0.916,0.916,False,True,False,No comparable
2017,43,2018,17,11.671,6.49,5.181,5.181,32.632,31.884,0.748,0.748,False,True,False,No comparable
2017,44,2018,18,12.063,6.896,5.167,5.167,32.518,31.83,0.688,0.688,False,True,False,No comparable
2017,45,2018,19,12.926,8.123,4.803,4.803,32.342,31.796,0.546,0.546,False,True,False,No comparable
2017,46,2018,20,13.082,9.314,3.768,3.768,32.349,31.665,0.684,0.684,False,True,False,No comparable
2017,47,2018,21,12.613,9.978,2.635,2.635,32.501,31.297,1.204,1.204,True,True,True,Comparable
2017,48,2018,22,13.15,12.125,1.025,1.025,32.636,31.294,1.342,1.342,True,True,True,Comparable
2017,49,2018,23,13.676,10.838,2.838,2.838,32.691,31.643,1.048,1.048,True,True,True,Comparable
2017,50,2018,24,14.531,9.809,4.722,4.722,32.669,31.907,0.762,0.762,False,True,False,No comparable
2017,51,2018,25,14.813,10.608,4.205,4.205,32.655,31.624,1.031,1.031,False,True,False,No comparable
2017,52,2018,26,15.106,11.152,3.954,3.954,32.659,31.959,0.7,0.7,False,True,False,No comparable
2018,1,2018,27,15.105,12.368,2.737,2.737,32.67,32.35,0.32,0.32,True,True,True,Comparable
2018,2,2018,28,15.464,12.204,3.26,3.26,32.679,32.776,-0.097,0.097,False,True,False,No comparable
2018,3,2018,29,15.573,14.051,1.522,1.522,32.713,32.979,-0.266,0.266,True,True,True,Comparable
2018,4,2018,30,15.591,14.885,0.706,0.706,32.772,33.06,-0.288,0.288,True,True,True,Comparable
2018,5,2018,31,15.906,16.181,-0.275,0.275,32.809,32.706,0.103,0.103,True,True,True,Comparable
2018,6,2018,32,16.34,16.26,0.08,0.08,32.824,32.793,0.031,0.031,True,True,True,Comparable
2018,7,2018,33,16.195,16.123,0.072,0.072,32.841,32.616,0.225,0.225,True,True,True,Comparable
2018,8,2018,34,16.458,15.876,0.582,0.582,32.789,32.243,0.546,0.546,True,True,True,Comparable
2018,9,2018,35,16.739,15.833,0.906,0.906,32.766,31.583,1.183,1.183,True,True,True,Comparable
2018,10,2018,36,16.549,15.918,0.631,0.631,32.756,30.742,2.014,2.014,True,True,True,Comparable
2018,11,2018,37,15.506,15.483,0.023,0.023,32.776,30.512,2.264,2.264,True,True,True,Comparable
2018,12,2018,38,14.775,14.618,0.157,0.157,32.804,30.859,1.945,1.945,True,True,True,Comparable
2018,13,2018,39,14.485,13.132,1.353,1.353,32.838,31.375,1.463,1.463,True,True,True,Comparable
2018,14,2018,40,14.059,11.95,2.109,2.109,32.878,31.669,1.209,1.209,True,True,True,Comparable
2018,15,2018,41,13.509,11.641,1.868,1.868,32.935,32.242,0.693,0.693,True,True,True,Comparable
2018,16,2018,42,13.304,11.709,1.595,1.595,32.985,32.606,0.379,0.379,True,True,True,Comparable
2018,17,2018,43,13.032,10.96,2.072,2.072,33.027,32.702,0.325,0.325,True,True,True,Comparable
2018,18,2018,44,12.713,10.05,2.663,2.663,33.034,32.935,0.099,0.099,True,True,True,Comparable
2018,19,2018,45,12.71,10.224,2.486,2.486,32.984,33.221,-0.237,0.237,True,True,True,Comparable
2018,20,2018,46,12.496,10.313,2.183,2.183,32.924,33.213,-0.289,0.289,True,True,True,Comparable
2018,21,2018,47,12.209,10.009,2.2,2.2,32.871,33.32,-0.449,0.449,True,True,True,Comparable
2018,22,2018,48,11.627,9.608,2.019,2.019,32.827,33.342,-0.515,0.515,True,True,True,Comparable
2018,23,2018,49,11.267,9.216,2.051,2.051,32.833,33.427,-0.594,0.594,True,True,True,Comparable
2018,24,2018,50,10.915,8.546,2.369,2.369,32.842,33.606,-0.764,0.764,True,True,True,Comparable
2018,25,2018,51,10.535,7.89,2.645,2.645,32.891,33.354,-0.463,0.463,True,True,True,Comparable
2018,26,2018,52,10.242,7.472,2.77,2.77,32.932,33.216,-0.284,0.284,True,True,True,Comparable
2018,27,2019,1,9.992,7.086,2.906,2.906,32.782,33.12,-0.338,0.338,True,True,True,Comparable
2018,28,2019,2,9.991,6.625,3.366,3.366,32.573,33.304,-0.731,0.731,False,True,False,No comparable
2018,29,2019,3,9.578,6.313,3.265,3.265,32.185,33.644,-1.459,1.459,False,True,False,No comparable
2018,30,2019,4,9.433,6.315,3.118,3.118,32.166,33.851,-1.685,1.685,False,True,False,No comparable
2018,31,2019,5,9.406,5.95,3.456,3.456,32.481,33.875,-1.394,1.394,False,True,False,No comparable
2018,32,2019,6,9.592,5.71,3.882,3.882,32.578,33.851,-1.273,1.273,False,True,False,No comparable
2018,33,2019,7,9.717,5.828,3.889,3.889,32.591,33.9,-1.309,1.309,False,True,False,No comparable
2018,34,2019,8,9.728,6.2,3.528,3.528,32.373,34.048,-1.675,1.675,False,True,False,No comparable
2018,35,2019,9,9.802,6.408,3.394,3.394,32.237,34.243,-2.006,2.006,False,True,False,No comparable
2018,36,2019,10,9.953,6.133,3.82,3.82,32.368,34.033,-1.665,1.665,False,True,False,No comparable
2018,37,2019,11,10.187,5.291,4.896,4.896,32.423,33.361,-0.938,0.938,False,True,False,No comparable
2018,38,2019,12,10.425,5.326,5.099,5.099,32.465,33.106,-0.641,0.641,False,True,False,No comparable
2018,39,2019,13,10.663,5.394,5.269,5.269,32.352,32.98,-0.628,0.628,False,True,False,No comparable
2018,40,2019,14,10.658,5.547,5.111,5.111,32.22,32.969,-0.749,0.749,False,True,False,No comparable
2018,41,2019,15,10.799,5.837,4.962,4.962,32.245,32.722,-0.477,0.477,False,True,False,No comparable
2018,42,2019,16,11.179,6.5,4.679,4.679,32.355,32.454,-0.099,0.099,False,True,False,No comparable
2018,43,2019,17,11.927,7.622,4.305,4.305,32.39,32.219,0.171,0.171,False,True,False,No comparable
2018,44,2019,18,12.149,7.825,4.324,4.324,32.443,32.362,0.081,0.081,False,True,False,No comparable
2018,45,2019,19,12.603,6.813,5.79,5.79,32.473,33.093,-0.62,0.62,False,True,False,No comparable
2018,46,2019,20,13.206,8.184,5.022,5.022,32.454,33.133,-0.679,0.679,False,True,False,No comparable
2018,47,2019,21,13.129,9.841,3.288,3.288,32.507,32.851,-0.344,0.344,False,True,False,No comparable
2018,48,2019,22,13.831,8.578,5.253,5.253,32.447,32.993,-0.546,0.546,False,True,False,No comparable
2018,49,2019,23,14.154,9.583,4.571,4.571,32.508,32.916,-0.408,0.408,False,True,False,No comparable
2018,50,2019,24,14.435,11.184,3.251,3.251,32.523,32.578,-0.055,0.055,False,True,False,No comparable
2018,51,2019,25,14.759,12.534,2.225,2.225,32.549,31.14,1.409,1.409,True,True,True,Comparable
2018,52,2019,26,15.351,13.614,1.737,1.737,32.487,30.296,2.191,2.191,True,True,True,Comparable
2019,1,2019,27,15.137,13.982,1.155,1.155,32.444,30.59,1.854,1.854,True,True,True,Comparable
2019,2,2019,28,15.123,12.993,2.13,2.13,32.339,31.777,0.562,0.562,True,True,True,Comparable
2019,3,2019,29,15.464,12.051,3.413,3.413,32.272,32.752,-0.48,0.48,False,True,False,No comparable
2019,4,2019,30,15.564,15.377,0.187,0.187,32.268,32.111,0.157,0.157,True,True,True,Comparable
2019,5,2019,31,15.484,17.893,-2.409,2.409,32.297,31.306,0.991,0.991,True,True,True,Comparable
2019,6,2019,32,16.417,17.7,-1.283,1.283,32.278,31.232,1.046,1.046,True,True,True,Comparable
2019,7,2019,33,15.764,17.084,-1.32,1.32,32.27,31.25,1.02,1.02,True,True,True,Comparable
2019,8,2019,34,15.661,16.371,-0.71,0.71,32.226,30.85,1.376,1.376,True,True,True,Comparable
2019,9,2019,35,14.905,16.96,-2.055,2.055,32.352,30.484,1.868,1.868,True,True,True,Comparable
2019,10,2019,36,14.597,16.146,-1.549,1.549,32.176,30.181,1.995,1.995,True,True,True,Comparable
2019,11,2019,37,14.839,14.896,-0.057,0.057,32.257,30.371,1.886,1.886,True,True,True,Comparable
2019,12,2019,38,14.198,13.837,0.361,0.361,32.238,30.879,1.359,1.359,True,True,True,Comparable
2019,13,2019,39,14.077,13.883,0.194,0.194,32.285,30.914,1.371,1.371,True,True,True,Comparable
2019,14,2019,40,13.676,12.676,1.0,1.0,32.298,31.257,1.041,1.041,True,True,True,Comparable
2019,15,2019,41,13.407,12.036,1.371,1.371,32.345,32.277,0.068,0.068,True,True,True,Comparable
2019,16,2019,42,12.613,11.343,1.27,1.27,32.373,32.437,-0.064,0.064,True,True,True,Comparable
2019,17,2019,43,12.354,11.778,0.576,0.576,32.341,32.615,-0.274,0.274,True,True,True,Comparable
2019,18,2019,44,11.78,11.234,0.546,0.546,32.032,32.514,-0.482,0.482,True,True,True,Comparable
2019,19,2019,45,11.488,10.332,1.156,1.156,32.09,31.878,0.212,0.212,True,True,True,Comparable
2019,20,2019,46,11.38,9.434,1.946,1.946,32.068,31.721,0.347,0.347,True,True,True,Comparable
2019,21,2019,47,10.887,9.037,1.85,1.85,31.889,32.233,-0.344,0.344,True,True,True,Comparable
2019,22,2019,48,10.47,8.767,1.703,1.703,31.718,32.523,-0.805,0.805,True,True,True,Comparable
2019,23,2019,49,10.56,9.0,1.56,1.56,31.537,32.907,-1.37,1.37,True,True,True,Comparable
2019,24,2019,50,10.2,8.858,1.342,1.342,31.475,33.047,-1.572,1.572,True,True,True,Comparable
2019,25,2019,51,10.066,8.438,1.628,1.628,31.665,33.11,-1.445,1.445,True,True,True,Comparable
2019,26,2019,52,9.825,7.944,1.881,1.881,31.501,33.005,-1.504,1.504,True,True,True,Comparable
2019,27,2020,1,9.435,7.7,1.735,1.735,31.428,32.31,-0.882,0.882,True,True,True,Comparable
2019,28,2020,2,9.621,7.246,2.375,2.375,31.527,32.016,-0.489,0.489,True,True,True,Comparable
2019,29,2020,3,9.556,7.095,2.461,2.461,31.482,31.873,-0.391,0.391,True,True,True,Comparable
2019,30,2020,4,9.248,7.081,2.167,2.167,31.51,31.992,-0.482,0.482,True,True,True,Comparable
2019,31,2020,5,9.264,6.796,2.468,2.468,31.488,32.266,-0.778,0.778,True,True,True,Comparable
2019,32,2020,6,9.195,6.361,2.834,2.834,31.576,32.419,-0.843,0.843,True,True,True,Comparable
2019,33,2020,7,9.25,6.047,3.203,3.203,31.606,32.614,-1.008,1.008,False,True,False,No comparable
2019,34,2020,8,9.433,6.27,3.163,3.163,31.63,32.91,-1.28,1.28,False,True,False,No comparable
2019,35,2020,9,9.431,5.955,3.476,3.476,31.523,32.871,-1.348,1.348,False,True,False,No comparable
2019,36,2020,10,9.423,5.746,3.677,3.677,31.623,32.644,-1.021,1.021,False,True,False,No comparable
2019,37,2020,11,9.513,5.974,3.539,3.539,31.579,32.438,-0.859,0.859,False,True,False,No comparable
2019,38,2020,12,9.458,5.868,3.59,3.59,31.487,32.477,-0.99,0.99,False,True,False,No comparable
2019,39,2020,13,9.95,5.751,4.199,4.199,31.496,32.668,-1.172,1.172,False,True,False,No comparable
2019,40,2020,14,10.121,5.761,4.36,4.36,31.443,32.57,-1.127,1.127,False,True,False,No comparable
2019,41,2020,15,10.356,6.146,4.21,4.21,31.264,32.447,-1.183,1.183,False,True,False,No comparable
2019,42,2020,16,10.998,6.304,4.694,4.694,31.311,32.711,-1.4,1.4,False,True,False,No comparable
2019,43,2020,17,11.393,7.374,4.019,4.019,31.385,32.859,-1.474,1.474,False,True,False,No comparable
2019,44,2020,18,11.421,7.446,3.975,3.975,31.299,33.092,-1.793,1.793,False,True,False,No comparable
2019,45,2020,19,11.661,7.685,3.976,3.976,31.237,33.199,-1.962,1.962,False,True,False,No comparable
2019,46,2020,20,12.946,7.461,5.485,5.485,31.284,33.452,-2.168,2.168,False,True,False,No comparable
2019,47,2020,21,13.247,8.005,5.242,5.242,31.246,33.497,-2.251,2.251,False,True,False,No comparable
2019,48,2020,22,13.124,9.844,3.28,3.28,31.094,33.144,-2.05,2.05,False,True,False,No comparable
2019,49,2020,23,13.66,11.85,1.81,1.81,31.143,32.652,-1.509,1.509,True,True,True,Comparable
2019,50,2020,24,13.946,11.118,2.828,2.828,31.359,32.793,-1.434,1.434,True,True,True,Comparable
2019,51,2020,25,14.685,14.338,0.347,0.347,31.24,32.214,-0.974,0.974,True,True,True,Comparable
2019,52,2020,26,14.858,15.665,-0.807,0.807,31.091,30.374,0.717,0.717,True,True,True,Comparable
2020,1,2020,27,15.65,15.619,0.031,0.031,31.243,30.047,1.196,1.196,True,True,True,Comparable
2020,2,2020,28,15.121,14.3,0.821,0.821,31.269,30.822,0.447,0.447,True,True,True,Comparable
2020,3,2020,29,15.316,14.208,1.108,1.108,31.211,31.007,0.204,0.204,True,True,True,Comparable
2020,4,2020,30,15.334,14.498,0.836,0.836,31.426,30.666,0.76,0.76,True,True,True,Comparable
2020,5,2020,31,15.381,15.723,-0.342,0.342,31.422,29.801,1.621,1.621,True,True,True,Comparable
2020,6,2020,32,15.509,15.76,-0.251,0.251,31.388,30.116,1.272,1.272,True,True,True,Comparable
2020,7,2020,33,16.09,16.48,-0.39,0.39,31.388,30.152,1.236,1.236,True,True,True,Comparable
2020,8,2020,34,15.645,17.073,-1.428,1.428,31.451,30.678,0.773,0.773,True,True,True,Comparable
2020,9,2020,35,15.638,15.87,-0.232,0.232,31.598,31.05,0.548,0.548,True,True,True,Comparable
2020,10,2020,36,15.768,15.212,0.556,0.556,31.812,31.348,0.464,0.464,True,True,True,Comparable
2020,11,2020,37,15.121,14.665,0.456,0.456,31.738,31.022,0.716,0.716,True,True,True,Comparable
2020,12,2020,38,14.91,13.605,1.305,1.305,31.747,30.715,1.032,1.032,True,True,True,Comparable
2020,13,2020,39,14.76,13.226,1.534,1.534,31.922,30.521,1.401,1.401,True,True,True,Comparable
2020,14,2020,40,14.502,13.162,1.34,1.34,31.866,30.934,0.932,0.932,True,True,True,Comparable
2020,15,2020,41,13.946,13.432,0.514,0.514,31.923,31.56,0.363,0.363,True,True,True,Comparable
2020,16,2020,42,13.417,12.824,0.593,0.593,31.935,32.1,-0.165,0.165,True,True,True,Comparable
2020,17,2020,43,13.049,12.412,0.637,0.637,31.924,32.515,-0.591,0.591,True,True,True,Comparable
2020,18,2020,44,12.791,12.115,0.676,0.676,31.83,32.521,-0.691,0.691,True,True,True,Comparable
2020,19,2020,45,12.594,11.74,0.854,0.854,31.671,32.108,-0.437,0.437,True,True,True,Comparable
2020,20,2020,46,12.375,11.083,1.292,1.292,31.279,30.822,0.457,0.457,True,True,True,Comparable
2020,21,2020,47,12.075,10.338,1.737,1.737,31.064,30.817,0.247,0.247,True,True,True,Comparable
2020,22,2020,48,11.706,9.827,1.879,1.879,31.211,31.401,-0.19,0.19,True,True,True,Comparable
2020,23,2020,49,11.369,9.696,1.673,1.673,31.548,32.1,-0.552,0.552,True,True,True,Comparable
2020,24,2020,50,10.989,9.437,1.552,1.552,31.47,32.583,-1.113,1.113,True,True,True,Comparable
2020,25,2020,51,10.634,9.259,1.375,1.375,31.384,32.999,-1.615,1.615,True,True,True,Comparable
2020,26,2020,52,10.374,9.223,1.151,1.151,31.301,33.213,-1.912,1.912,True,True,True,Comparable
2020,27,2021,1,10.005,7.858,2.147,2.147,31.32,33.325,-2.005,2.005,True,True,True,Comparable
2020,28,2021,2,9.804,6.763,3.041,3.041,31.218,32.898,-1.68,1.68,False,True,False,No comparable
2020,29,2021,3,9.654,5.979,3.675,3.675,31.093,32.153,-1.06,1.06,False,True,False,No comparable
2020,30,2021,4,9.54,5.213,4.327,4.327,31.043,31.831,-0.788,0.788,False,True,False,No comparable
2020,31,2021,5,9.364,4.377,4.987,4.987,31.002,31.721,-0.719,0.719,False,True,False,No comparable
2020,32,2021,6,9.316,3.428,5.888,5.888,31.007,31.62,-0.613,0.613,False,True,False,No comparable
2020,33,2021,7,9.177,3.433,5.744,5.744,31.069,31.622,-0.553,0.553,False,True,False,No comparable
2020,34,2021,8,9.255,4.129,5.126,5.126,31.148,31.797,-0.649,0.649,False,True,False,No comparable
2020,35,2021,9,9.533,4.196,5.337,5.337,31.135,31.686,-0.551,0.551,False,True,False,No comparable
2020,36,2021,10,9.697,4.518,5.179,5.179,30.996,32.167,-1.171,1.171,False,True,False,No comparable
2020,37,2021,11,9.81,4.707,5.103,5.103,31.033,32.165,-1.132,1.132,False,True,False,No comparable
2020,38,2021,12,9.933,5.116,4.817,4.817,30.982,32.365,-1.383,1.383,False,True,False,No comparable
2020,39,2021,13,10.436,5.534,4.902,4.902,31.244,32.435,-1.191,1.191,False,True,False,No comparable
2020,40,2021,14,10.344,6.15,4.194,4.194,31.112,33.211,-2.099,2.099,False,True,False,No comparable
2020,41,2021,15,10.463,6.625,3.838,3.838,31.101,33.417,-2.316,2.316,False,True,False,No comparable
2020,42,2021,16,11.238,7.056,4.182,4.182,31.061,33.525,-2.464,2.464,False,True,False,No comparable
2020,43,2021,17,11.699,7.432,4.267,4.267,31.112,33.731,-2.619,2.619,False,True,False,No comparable
2020,44,2021,18,11.793,7.866,3.927,3.927,31.13,33.762,-2.632,2.632,False,True,False,No comparable
2020,45,2021,19,12.661,8.703,3.958,3.958,31.082,33.572,-2.49,2.49,False,True,False,No comparable
2020,46,2021,20,13.181,9.087,4.094,4.094,31.22,33.541,-2.321,2.321,False,True,False,No comparable
2020,47,2021,21,13.96,10.474,3.486,3.486,31.376,33.337,-1.961,1.961,False,True,False,No comparable
2020,48,2021,22,13.417,12.651,0.766,0.766,31.52,31.956,-0.436,0.436,True,True,True,Comparable
2020,49,2021,23,13.659,13.149,0.51,0.51,31.454,30.217,1.237,1.237,True,True,True,Comparable
2020,50,2021,24,14.218,12.443,1.775,1.775,31.448,29.57,1.878,1.878,True,True,True,Comparable
2020,51,2021,25,14.12,12.375,1.745,1.745,31.432,30.284,1.148,1.148,True,True,True,Comparable
2020,52,2021,26,14.895,14.126,0.769,0.769,31.448,30.306,1.142,1.142,True,True,True,Comparable
2021,1,2021,27,15.352,15.646,-0.294,0.294,31.478,30.159,1.319,1.319,True,True,True,Comparable
2021,2,2021,28,15.243,16.258,-1.015,1.015,31.532,30.253,1.279,1.279,True,True,True,Comparable
2021,3,2021,29,16.255,15.473,0.782,0.782,31.498,30.518,0.98,0.98,True,True,True,Comparable
2021,4,2021,30,15.674,15.431,0.243,0.243,31.384,31.066,0.318,0.318,True,True,True,Comparable
2021,5,2021,31,15.488,11.665,3.823,3.823,31.485,32.946,-1.461,1.461,False,True,False,No comparable
2021,6,2021,32,16.119,15.472,0.647,0.647,31.734,32.307,-0.573,0.573,True,True,True,Comparable
2021,7,2021,33,15.567,15.504,0.063,0.063,31.912,32.007,-0.095,0.095,True,True,True,Comparable
2021,8,2021,34,15.453,15.055,0.398,0.398,32.049,32.151,-0.102,0.102,True,True,True,Comparable
2021,9,2021,35,15.688,13.858,1.83,1.83,32.2,32.523,-0.323,0.323,True,True,True,Comparable
2021,10,2021,36,15.235,13.575,1.66,1.66,32.251,32.426,-0.175,0.175,True,True,True,Comparable
2021,11,2021,37,15.099,12.971,2.128,2.128,32.39,32.596,-0.206,0.206,True,True,True,Comparable
2021,12,2021,38,14.946,13.155,1.791,1.791,32.516,32.727,-0.211,0.211,True,True,True,Comparable
2021,13,2021,39,14.593,13.235,1.358,1.358,32.607,32.611,-0.004,0.004,True,True,True,Comparable
2021,14,2021,40,14.165,13.501,0.664,0.664,32.588,32.223,0.365,0.365,True,True,True,Comparable
2021,15,2021,41,13.857,12.973,0.884,0.884,32.52,31.967,0.553,0.553,True,True,True,Comparable
2021,16,2021,42,13.367,11.837,1.53,1.53,32.411,31.796,0.615,0.615,True,True,True,Comparable
2021,17,2021,43,13.086,11.415,1.671,1.671,32.351,31.155,1.196,1.196,True,True,True,Comparable
2021,18,2021,44,12.715,10.874,1.841,1.841,32.239,31.438,0.801,0.801,True,True,True,Comparable
2021,19,2021,45,12.395,10.851,1.544,1.544,32.36,32.112,0.248,0.248,True,True,True,Comparable
2021,20,2021,46,12.181,10.753,1.428,1.428,32.365,32.369,-0.004,0.004,True,True,True,Comparable
2021,21,2021,47,11.725,9.795,1.93,1.93,32.141,32.374,-0.233,0.233,True,True,True,Comparable
2021,22,2021,48,11.209,8.968,2.241,2.241,31.598,32.648,-1.05,1.05,True,True,True,Comparable
2021,23,2021,49,11.157,8.32,2.837,2.837,31.474,32.767,-1.293,1.293,True,True,True,Comparable
2021,24,2021,50,10.614,8.262,2.352,2.352,31.553,32.798,-1.245,1.245,True,True,True,Comparable
2021,25,2021,51,10.347,8.046,2.301,2.301,31.6,32.807,-1.207,1.207,True,True,True,Comparable
2021,26,2021,52,10.113,7.669,2.444,2.444,31.644,32.986,-1.342,1.342,True,True,True,Comparable
2021,27,2022,1,10.151,7.53,2.621,2.621,31.577,33.129,-1.552,1.552,True,True,True,Comparable
2021,28,2022,2,9.882,7.235,2.647,2.647,31.603,33.144,-1.541,1.541,True,True,True,Comparable
2021,29,2022,3,9.849,6.945,2.904,2.904,31.656,33.086,-1.43,1.43,True,True,True,Comparable
2021,30,2022,4,9.698,6.539,3.159,3.159,31.819,32.883,-1.064,1.064,False,True,False,No comparable
2021,31,2022,5,9.676,6.301,3.375,3.375,31.841,33.038,-1.197,1.197,False,True,False,No comparable
2021,32,2022,6,9.731,6.099,3.632,3.632,31.864,33.054,-1.19,1.19,False,True,False,No comparable
2021,33,2022,7,9.925,5.871,4.054,4.054,31.768,32.843,-1.075,1.075,False,True,False,No comparable
2021,34,2022,8,9.812,5.981,3.831,3.831,31.605,32.938,-1.333,1.333,False,True,False,No comparable
2021,35,2022,9,10.142,6.221,3.921,3.921,31.341,33.197,-1.856,1.856,False,True,False,No comparable
2021,36,2022,10,10.326,6.0,4.326,4.326,31.454,33.246,-1.792,1.792,False,True,False,No comparable
2021,37,2022,11,10.315,5.875,4.44,4.44,31.333,33.356,-2.023,2.023,False,True,False,No comparable
2021,38,2022,12,10.524,5.996,4.528,4.528,31.384,33.368,-1.984,1.984,False,True,False,No comparable
2021,39,2022,13,10.584,5.934,4.65,4.65,31.467,33.264,-1.797,1.797,False,True,False,No comparable
2021,40,2022,14,10.738,6.017,4.721,4.721,31.469,33.352,-1.883,1.883,False,True,False,No comparable
2021,41,2022,15,11.208,6.517,4.691,4.691,31.491,33.493,-2.002,2.002,False,True,False,No comparable
2021,42,2022,16,11.857,7.689,4.168,4.168,31.344,33.245,-1.901,1.901,False,True,False,No comparable
2021,43,2022,17,12.236,7.938,4.298,4.298,31.285,33.43,-2.145,2.145,False,True,False,No comparable
2021,44,2022,18,12.833,7.913,4.92,4.92,31.158,33.479,-2.321,2.321,False,True,False,No comparable
2021,45,2022,19,13.367,7.931,5.436,5.436,31.288,33.102,-1.814,1.814,False,True,False,No comparable
2021,46,2022,20,13.297,9.134,4.163,4.163,31.381,32.885,-1.504,1.504,False,True,False,No comparable
2021,47,2022,21,13.597,9.319,4.278,4.278,31.44,32.005,-0.565,0.565,False,True,False,No comparable
2021,48,2022,22,13.818,9.726,4.092,4.092,31.637,32.251,-0.614,0.614,False,True,False,No comparable
2021,49,2022,23,14.577,10.905,3.672,3.672,31.909,32.174,-0.265,0.265,False,True,False,No comparable
2021,50,2022,24,14.765,11.352,3.413,3.413,31.757,31.627,0.13,0.13,False,True,False,No comparable
2021,51,2022,25,15.671,12.234,3.437,3.437,31.865,31.142,0.723,0.723,False,True,False,No comparable
2021,52,2022,26,16.27,14.007,2.263,2.263,31.841,30.912,0.929,0.929,True,True,True,Comparable
2022,1,2022,27,16.372,13.675,2.697,2.697,31.789,31.081,0.708,0.708,True,True,True,Comparable
2022,2,2022,28,17.118,13.386,3.732,3.732,31.846,30.962,0.884,0.884,False,True,False,No comparable
2022,3,2022,29,16.501,13.949,2.552,2.552,31.912,30.777,1.135,1.135,True,True,True,Comparable
2022,4,2022,30,16.818,13.889,2.929,2.929,31.964,30.75,1.214,1.214,True,True,True,Comparable
2022,5,2022,31,16.898,14.126,2.772,2.772,32.011,30.868,1.143,1.143,True,True,True,Comparable
2022,6,2022,32,16.775,14.518,2.257,2.257,32.105,30.97,1.135,1.135,True,True,True,Comparable
2022,7,2022,33,16.311,14.866,1.445,1.445,32.271,31.016,1.255,1.255,True,True,True,Comparable
2022,8,2022,34,16.165,15.554,0.611,0.611,32.349,31.027,1.322,1.322,True,True,True,Comparable
2022,9,2022,35,15.641,15.881,-0.24,0.24,32.255,31.04,1.215,1.215,True,True,True,Comparable
2022,10,2022,36,14.978,16.45,-1.472,1.472,32.207,30.94,1.267,1.267,True,True,True,Comparable
2022,11,2022,37,14.946,15.446,-0.5,0.5,32.217,31.321,0.896,0.896,True,True,True,Comparable
2022,12,2022,38,14.281,12.637,1.644,1.644,32.284,32.946,-0.662,0.662,True,True,True,Comparable
2022,13,2022,39,13.711,12.512,1.199,1.199,32.3,32.803,-0.503,0.503,True,True,True,Comparable
2022,14,2022,40,13.263,12.799,0.464,0.464,32.187,32.314,-0.127,0.127,True,True,True,Comparable
2022,15,2022,41,13.011,12.364,0.647,0.647,32.178,31.816,0.362,0.362,True,True,True,Comparable
2022,16,2022,42,12.708,11.566,1.142,1.142,32.186,30.965,1.221,1.221,True,True,True,Comparable
2022,17,2022,43,11.788,11.74,0.048,0.048,32.364,30.641,1.723,1.723,True,True,True,Comparable
2022,18,2022,44,11.56,11.437,0.123,0.123,31.934,31.062,0.872,0.872,True,True,True,Comparable
2022,19,2022,45,11.328,11.326,0.002,0.002,31.885,31.371,0.514,0.514,True,True,True,Comparable
2022,20,2022,46,10.989,10.701,0.288,0.288,31.927,31.193,0.734,0.734,True,True,True,Comparable
2022,21,2022,47,10.549,9.821,0.728,0.728,31.67,31.57,0.1,0.1,True,True,True,Comparable
2022,22,2022,48,10.017,9.355,0.662,0.662,31.809,31.821,-0.012,0.012,True,True,True,Comparable
2022,23,2022,49,9.803,8.668,1.135,1.135,31.642,32.282,-0.64,0.64,True,True,True,Comparable
2022,24,2022,50,9.735,8.116,1.619,1.619,31.623,32.915,-1.292,1.292,True,True,True,Comparable
2022,25,2022,51,9.158,8.165,0.993,0.993,31.547,33.315,-1.768,1.768,True,True,True,Comparable
2022,26,2022,52,9.011,8.155,0.856,0.856,31.541,33.56,-2.019,2.019,True,True,True,Comparable
2022,27,2023,1,9.119,7.824,1.295,1.295,31.623,33.625,-2.002,2.002,True,True,True,Comparable
2022,28,2023,2,8.757,7.425,1.332,1.332,31.555,32.845,-1.29,1.29,True,True,True,Comparable
2022,29,2023,3,8.607,5.88,2.727,2.727,31.524,31.859,-0.335,0.335,True,True,True,Comparable
2022,30,2023,4,8.447,6.354,2.093,2.093,31.565,32.228,-0.663,0.663,True,True,True,Comparable
2022,31,2023,5,8.48,6.065,2.415,2.415,31.703,32.236,-0.533,0.533,True,True,True,Comparable
2022,32,2023,6,8.581,6.202,2.379,2.379,31.734,32.542,-0.808,0.808,True,True,True,Comparable
2022,33,2023,7,8.673,6.29,2.383,2.383,31.619,32.679,-1.06,1.06,True,True,True,Comparable
2022,34,2023,8,8.722,6.221,2.501,2.501,31.489,32.699,-1.21,1.21,True,True,True,Comparable
2022,35,2023,9,8.974,6.411,2.563,2.563,31.471,32.92,-1.449,1.449,True,True,True,Comparable
2022,36,2023,10,9.22,6.461,2.759,2.759,31.523,33.42,-1.897,1.897,True,True,True,Comparable
2022,37,2023,11,9.523,6.45,3.073,3.073,31.442,33.554,-2.112,2.112,False,True,False,No comparable
2022,38,2023,12,9.722,6.537,3.185,3.185,31.418,33.445,-2.027,2.027,False,True,False,No comparable
2022,39,2023,13,10.231,6.661,3.57,3.57,31.52,33.485,-1.965,1.965,False,True,False,No comparable
2022,40,2023,14,10.444,6.87,3.574,3.574,31.48,33.509,-2.029,2.029,False,True,False,No comparable
2022,41,2023,15,10.787,7.058,3.729,3.729,31.381,33.541,-2.16,2.16,False,True,False,No comparable
2022,42,2023,16,11.965,8.1,3.865,3.865,31.395,33.539,-2.144,2.144,False,True,False,No comparable
2022,43,2023,17,11.91,7.172,4.738,4.738,31.457,33.624,-2.167,2.167,False,True,False,No comparable
2022,44,2023,18,12.804,7.539,5.265,5.265,31.422,33.606,-2.184,2.184,False,True,False,No comparable
2022,45,2023,19,13.74,8.079,5.661,5.661,31.324,33.214,-1.89,1.89,False,True,False,No comparable
2022,46,2023,20,13.443,7.865,5.578,5.578,31.469,32.793,-1.324,1.324,False,True,False,No comparable
2022,47,2023,21,14.306,8.199,6.107,6.107,31.255,32.48,-1.225,1.225,False,True,False,No comparable
2022,48,2023,22,14.565,8.337,6.228,6.228,31.286,32.429,-1.143,1.143,False,True,False,No comparable
2022,49,2023,23,14.033,9.448,4.585,4.585,31.43,32.703,-1.273,1.273,False,True,False,No comparable
2022,50,2023,24,14.981,12.306,2.675,2.675,31.411,32.161,-0.75,0.75,True,True,True,Comparable
2022,51,2023,25,15.537,13.514,2.023,2.023,31.319,31.874,-0.555,0.555,True,True,True,Comparable
2022,52,2023,26,15.362,14.081,1.281,1.281,31.619,31.621,-0.002,0.002,True,True,True,Comparable
2023,1,2023,27,15.64,14.923,0.717,0.717,31.72,31.579,0.141,0.141,True,True,True,Comparable
2023,2,2023,28,15.852,15.683,0.169,0.169,31.715,31.565,0.15,0.15,True,True,True,Comparable
2023,3,2023,29,16.408,15.252,1.156,1.156,31.746,31.477,0.269,0.269,True,True,True,Comparable
2023,4,2023,30,16.878,15.967,0.911,0.911,31.663,30.87,0.793,0.793,True,True,True,Comparable
2023,5,2023,31,16.378,15.815,0.563,0.563,31.703,30.779,0.924,0.924,True,True,True,Comparable
2023,6,2023,32,16.312,11.889,4.423,4.423,31.701,32.522,-0.821,0.821,False,True,False,No comparable
2023,7,2023,33,15.59,13.478,2.112,2.112,31.814,32.433,-0.619,0.619,True,True,True,Comparable
2023,8,2023,34,15.165,14.92,0.245,0.245,31.927,32.125,-0.198,0.198,True,True,True,Comparable
2023,9,2023,35,15.227,15.342,-0.115,0.115,31.966,31.872,0.094,0.094,True,True,True,Comparable
2023,10,2023,36,15.02,15.592,-0.572,0.572,31.903,31.439,0.464,0.464,True,True,True,Comparable
2023,11,2023,37,14.693,15.424,-0.731,0.731,31.951,31.227,0.724,0.724,True,True,True,Comparable
2023,12,2023,38,14.148,15.071,-0.923,0.923,32.041,31.055,0.986,0.986,True,True,True,Comparable
2023,13,2023,39,13.184,15.03,-1.846,1.846,32.184,30.826,1.358,1.358,True,True,True,Comparable
2023,14,2023,40,13.028,14.27,-1.242,1.242,32.234,30.666,1.568,1.568,True,True,True,Comparable
2023,15,2023,41,12.865,13.38,-0.515,0.515,31.906,30.581,1.325,1.325,True,True,True,Comparable
2023,16,2023,42,12.577,11.83,0.747,0.747,32.175,30.72,1.455,1.455,True,True,True,Comparable
2023,17,2023,43,12.359,11.062,1.297,1.297,32.077,31.132,0.945,0.945,True,True,True,Comparable
2023,18,2023,44,12.027,10.562,1.465,1.465,32.234,31.887,0.347,0.347,True,True,True,Comparable
2023,19,2023,45,11.853,10.394,1.459,1.459,32.109,32.604,-0.495,0.495,True,True,True,Comparable
2023,20,2023,46,11.621,10.14,1.481,1.481,32.06,32.879,-0.819,0.819,True,True,True,Comparable
2023,21,2023,47,11.122,9.701,1.421,1.421,32.01,33.182,-1.172,1.172,True,True,True,Comparable
2023,22,2023,48,10.693,9.026,1.667,1.667,31.762,33.424,-1.662,1.662,True,True,True,Comparable
2023,23,2023,49,10.406,7.865,2.541,2.541,31.527,33.451,-1.924,1.924,True,True,True,Comparable
2023,24,2023,50,10.004,6.725,3.279,3.279,31.679,32.683,-1.004,1.004,False,True,False,No comparable
2023,25,2023,51,9.778,6.85,2.928,2.928,31.794,32.339,-0.545,0.545,True,True,True,Comparable
2023,26,2023,52,9.728,6.167,3.561,3.561,31.572,32.546,-0.974,0.974,False,True,False,No comparable
2023,27,2024,1,9.638,6.144,3.494,3.494,31.503,32.828,-1.325,1.325,False,True,False,No comparable
2023,28,2024,2,9.257,5.828,3.429,3.429,31.381,32.789,-1.408,1.408,False,True,False,No comparable
2023,29,2024,3,9.131,5.266,3.865,3.865,31.359,32.581,-1.222,1.222,False,True,False,No comparable
2023,30,2024,4,9.193,5.131,4.062,4.062,31.303,32.009,-0.706,0.706,False,True,False,No comparable
2023,31,2024,5,9.283,5.0,4.283,4.283,31.41,31.823,-0.413,0.413,False,True,False,No comparable
2023,32,2024,6,9.301,4.147,5.154,5.154,31.498,31.626,-0.128,0.128,False,True,False,No comparable
2023,33,2024,7,9.254,4.133,5.121,5.121,31.211,31.763,-0.552,0.552,False,True,False,No comparable
2023,34,2024,8,9.196,4.809,4.387,4.387,31.278,32.096,-0.818,0.818,False,True,False,No comparable
2023,35,2024,9,9.248,5.121,4.127,4.127,31.344,32.363,-1.019,1.019,False,True,False,No comparable
2023,36,2024,10,9.324,5.069,4.255,4.255,31.315,32.365,-1.05,1.05,False,True,False,No comparable
2023,37,2024,11,9.648,4.892,4.756,4.756,31.163,32.565,-1.402,1.402,False,True,False,No comparable
2023,38,2024,12,9.871,4.744,5.127,5.127,31.142,32.63,-1.488,1.488,False,True,False,No comparable
2023,39,2024,13,10.08,4.82,5.26,5.26,31.255,32.387,-1.132,1.132,False,True,False,No comparable
2023,40,2024,14,10.373,4.942,5.431,5.431,31.241,32.004,-0.763,0.763,False,True,False,No comparable
2023,41,2024,15,10.507,5.319,5.188,5.188,31.228,31.59,-0.362,0.362,False,True,False,No comparable
2023,42,2024,16,11.125,5.657,5.468,5.468,31.328,31.261,0.067,0.067,False,True,False,No comparable
2023,43,2024,17,11.447,6.124,5.323,5.323,31.514,31.445,0.069,0.069,False,True,False,No comparable
2023,44,2024,18,11.672,7.553,4.119,4.119,31.505,31.084,0.421,0.421,False,True,False,No comparable
2023,45,2024,19,11.883,8.488,3.395,3.395,31.302,30.802,0.5,0.5,False,True,False,No comparable
2023,46,2024,20,11.725,10.531,1.194,1.194,31.231,30.556,0.675,0.675,True,True,True,Comparable
2023,47,2024,21,11.995,11.978,0.017,0.017,31.141,30.562,0.579,0.579,True,True,True,Comparable
2023,48,2024,22,12.691,13.295,-0.604,0.604,31.014,30.659,0.355,0.355,True,True,True,Comparable
2023,49,2024,23,13.488,11.8,1.688,1.688,31.275,31.298,-0.023,0.023,True,True,True,Comparable
2023,50,2024,24,13.916,10.562,3.354,3.354,31.319,31.638,-0.319,0.319,False,True,False,No comparable
2023,51,2024,25,14.737,11.378,3.359,3.359,31.334,31.69,-0.356,0.356,False,True,False,No comparable
2023,52,2024,26,15.084,13.375,1.709,1.709,31.55,31.894,-0.344,0.344,True,True,True,Comparable
2024,1,2024,27,15.815,13.74,2.075,2.075,31.596,31.529,0.067,0.067,True,True,True,Comparable
2024,2,2024,28,15.738,14.278,1.46,1.46,31.68,31.167,0.513,0.513,True,True,True,Comparable
2024,3,2024,29,16.046,15.82,0.226,0.226,31.713,31.005,0.708,0.708,True,True,True,Comparable
2024,4,2024,30,16.283,16.33,-0.047,0.047,31.781,30.767,1.014,1.014,True,True,True,Comparable
2024,5,2024,31,16.909,16.549,0.36,0.36,31.784,30.55,1.234,1.234,True,True,True,Comparable
2024,6,2024,32,17.052,16.358,0.694,0.694,31.832,30.417,1.415,1.415,True,True,True,Comparable
2024,7,2024,33,16.632,15.98,0.652,0.652,31.963,30.417,1.546,1.546,True,True,True,Comparable
2024,8,2024,34,16.121,15.335,0.786,0.786,32.053,30.778,1.275,1.275,True,True,True,Comparable
2024,9,2024,35,15.823,15.004,0.819,0.819,32.085,30.875,1.21,1.21,True,True,True,Comparable
2024,10,2024,36,15.58,15.574,0.006,0.006,32.163,30.642,1.521,1.521,True,True,True,Comparable
2024,11,2024,37,14.945,15.369,-0.424,0.424,32.209,30.668,1.541,1.541,True,True,True,Comparable
2024,12,2024,38,14.442,14.944,-0.502,0.502,32.168,30.867,1.301,1.301,True,True,True,Comparable
2024,13,2024,39,14.391,13.839,0.552,0.552,32.04,31.058,0.982,0.982,True,True,True,Comparable
2024,14,2024,40,14.042,12.799,1.243,1.243,31.951,31.676,0.275,0.275,True,True,True,Comparable
2024,15,2024,41,13.676,12.494,1.182,1.182,31.929,31.998,-0.069,0.069,True,True,True,Comparable
2024,16,2024,42,13.655,12.02,1.635,1.635,32.075,32.328,-0.253,0.253,True,True,True,Comparable
2024,17,2024,43,12.95,12.55,0.4,0.4,31.996,32.368,-0.372,0.372,True,True,True,Comparable
2024,18,2024,44,11.96,11.903,0.057,0.057,31.972,32.332,-0.36,0.36,True,True,True,Comparable
2024,19,2024,45,11.031,11.304,-0.273,0.273,31.942,31.948,-0.006,0.006,True,True,True,Comparable
2024,20,2024,46,10.654,10.676,-0.022,0.022,31.833,31.532,0.301,0.301,True,True,True,Comparable
2024,21,2024,47,10.314,9.078,1.236,1.236,31.85,31.825,0.025,0.025,True,True,True,Comparable
2024,22,2024,48,9.987,9.234,0.753,0.753,31.878,32.882,-1.004,1.004,True,True,True,Comparable
2024,23,2024,49,9.816,9.135,0.681,0.681,31.703,33.396,-1.693,1.693,True,True,True,Comparable
2024,24,2024,50,9.918,8.709,1.209,1.209,31.648,33.555,-1.907,1.907,True,True,True,Comparable
2024,25,2024,51,9.718,8.166,1.552,1.552,31.715,33.41,-1.695,1.695,True,True,True,Comparable
2024,26,2024,52,9.377,7.646,1.731,1.731,31.657,33.236,-1.579,1.579,True,True,True,Comparable
