pais,zona,localidad,localidad_id,anio,semana,anio_objetivo,semana_objetivo,parasitos_totales,parasitos_totales_t1,prediccion_rf,prediccion_base_persistencia,error_rf,error_abs_rf
Chile,Los Lagos,102424,102424,2023,45,2023.0,46.0,0.2,0.22,0.34999577099829443,0.2,-0.12999577099829443,0.12999577099829443
Chile,Los Lagos,102424,102424,2023,46,2023.0,47.0,0.22,3.3,0.46427146420028814,0.22,2.8357285357997117,2.8357285357997117
Chile,Los Lagos,102424,102424,2023,47,2023.0,48.0,3.3,3.58,3.31944577058419,3.3,0.26055422941580986,0.26055422941580986
Chile,Los Lagos,102424,102424,2023,48,2023.0,49.0,3.58,4.94,3.2739684675047176,3.58,1.6660315324952828,1.6660315324952828
Chile,Los Lagos,102424,102424,2023,49,2023.0,50.0,4.94,5.35,4.992734803576052,4.94,0.3572651964239473,0.3572651964239473
Chile,Los Lagos,102424,102424,2023,50,2023.0,51.0,5.35,6.470000000000001,5.2773545755170765,5.35,1.192645424482924,1.192645424482924
Chile,Los Lagos,102424,102424,2023,51,2023.0,52.0,6.470000000000001,6.3,5.775357889749136,6.470000000000001,0.5246421102508636,0.5246421102508636
Chile,Los Lagos,102424,102424,2023,52,2024.0,1.0,6.3,5.32,6.488825115532613,6.3,-1.1688251155326128,1.1688251155326128
Chile,Los Lagos,102424,102424,2024,1,2024.0,2.0,5.32,5.1000000000000005,5.832336228863723,5.32,-0.7323362288637227,0.7323362288637227
Chile,Los Lagos,102424,102424,2024,2,2024.0,3.0,5.1000000000000005,4.63,5.496352186794681,5.1000000000000005,-0.8663521867946811,0.8663521867946811
Chile,Los Lagos,102424,102424,2024,3,2024.0,4.0,4.63,4.75,4.813574229104228,4.63,-0.06357422910422805,0.06357422910422805
Chile,Los Lagos,102424,102424,2024,4,2024.0,5.0,4.75,5.699999999999999,4.554851626382879,4.75,1.1451483736171202,1.1451483736171202
Chile,Los Lagos,102424,102424,2024,5,2024.0,6.0,5.699999999999999,7.04,5.1856438021238,5.699999999999999,1.8543561978762,1.8543561978762
Chile,Los Lagos,102424,102424,2024,6,2024.0,7.0,7.04,1.37,5.625937352046101,7.04,-4.255937352046101,4.255937352046101
Chile,Los Lagos,102424,102424,2024,7,2024.0,8.0,1.37,2.5500000000000003,3.742369979269095,1.37,-1.192369979269095,1.192369979269095
Chile,Los Lagos,102424,102424,2024,8,2024.0,9.0,2.5500000000000003,3.68,3.451285154533575,2.5500000000000003,0.22871484546642495,0.22871484546642495
Chile,Los Lagos,102424,102424,2024,9,2024.0,10.0,3.68,3.99,4.701234670838422,3.68,-0.7112346708384214,0.7112346708384214
Chile,Los Lagos,102424,102424,2024,10,2024.0,11.0,3.99,5.760000000000001,4.094723043372749,3.99,1.6652769566272516,1.6652769566272516
Chile,Los Lagos,102424,102424,2024,11,2024.0,12.0,5.760000000000001,6.3,4.971832756965254,5.760000000000001,1.3281672430347458,1.3281672430347458
Chile,Los Lagos,102424,102424,2024,12,2024.0,13.0,6.3,7.529999999999999,5.5451661402948895,6.3,1.9848338597051098,1.9848338597051098
Chile,Los Lagos,102424,102424,2024,13,2024.0,14.0,7.529999999999999,7.279999999999999,5.854439741508491,7.529999999999999,1.4255602584915081,1.4255602584915081
Chile,Los Lagos,102424,102424,2024,14,2024.0,15.0,7.279999999999999,7.62,6.483468121138123,7.279999999999999,1.1365318788618772,1.1365318788618772
Chile,Los Lagos,102424,102424,2024,15,2024.0,16.0,7.62,5.21,6.925220695878197,7.62,-1.7152206958781973,1.7152206958781973
Chile,Los Lagos,102424,102424,2024,16,2024.0,17.0,5.21,6.48,5.98211377816628,5.21,0.49788622183372055,0.49788622183372055
Chile,Los Lagos,102424,102424,2024,17,2024.0,18.0,6.48,6.720000000000001,5.956186985236984,6.48,0.7638130147630164,0.7638130147630164
Chile,Los Lagos,102424,102424,2024,18,2024.0,19.0,6.720000000000001,7.41,6.334780471935475,6.720000000000001,1.0752195280645251,1.0752195280645251
Chile,Los Lagos,102424,102424,2024,19,2024.0,20.0,7.41,8.799999999999999,6.68755041403041,7.41,2.112449585969589,2.112449585969589
Chile,Los Lagos,102424,102424,2024,20,2024.0,21.0,8.799999999999999,8.44,8.003848275520774,8.799999999999999,0.4361517244792257,0.4361517244792257
Chile,Los Lagos,102424,102424,2024,21,2024.0,22.0,8.44,9.86,8.599890983090987,8.44,1.2601090169090128,1.2601090169090128
Chile,Los Lagos,102424,102424,2024,22,2024.0,23.0,9.86,10.33,8.666829240065486,9.86,1.6631707599345145,1.6631707599345145
Chile,Los Lagos,102424,102424,2024,23,2024.0,24.0,10.33,11.16,8.274454855283604,10.33,2.885545144716396,2.885545144716396
Chile,Los Lagos,102424,102424,2024,24,2024.0,25.0,11.16,2.43,8.717925625115624,11.16,-6.287925625115625,6.287925625115625
Chile,Los Lagos,102424,102424,2024,25,2024.0,26.0,2.43,2.3,5.33334108948241,2.43,-3.03334108948241,3.03334108948241
Chile,Los Lagos,102424,102424,2024,26,2024.0,27.0,2.3,3.84,4.794994727772226,2.3,-0.9549947277722257,0.9549947277722257
Chile,Los Lagos,102424,102424,2024,27,2024.0,28.0,3.84,4.83,6.7814710151885125,3.84,-1.9514710151885124,1.9514710151885124
Chile,Los Lagos,102424,102424,2024,28,2024.0,29.0,4.83,6.1,5.566441523291522,4.83,0.5335584767084773,0.5335584767084773
Chile,Los Lagos,102424,102424,2024,29,2024.0,30.0,6.1,6.65,5.791902069743983,6.1,0.858097930256017,0.858097930256017
Chile,Aysén,110758,110758,2022,52,2023.0,1.0,4.42,9.28,5.66278244563715,4.42,3.617217554362849,3.617217554362849
Chile,Aysén,110758,110758,2023,1,2023.0,2.0,9.28,4.949999999999999,7.091239639619641,9.28,-2.1412396396196414,2.1412396396196414
Chile,Aysén,110758,110758,2023,2,2023.0,3.0,4.949999999999999,7.08,5.874351151348649,4.949999999999999,1.205648848651351,1.205648848651351
Chile,Aysén,110758,110758,2023,3,2023.0,4.0,7.08,3.33,7.131252060300814,7.08,-3.801252060300814,3.801252060300814
Chile,Aysén,110758,110758,2023,4,2023.0,5.0,3.33,7.999999999999999,5.4290725004625,3.33,2.5709274995374995,2.5709274995374995
Chile,Aysén,110758,110758,2023,5,2023.0,6.0,7.999999999999999,4.39,6.917766200281198,7.999999999999999,-2.5277662002811985,2.5277662002811985
Chile,Aysén,110758,110758,2023,6,2023.0,7.0,4.39,7.029999999999999,6.730581749269251,4.39,0.29941825073074835,0.29941825073074835
Chile,Aysén,110758,110758,2023,7,2023.0,8.0,7.029999999999999,4.84,6.422739584582086,7.029999999999999,-1.582739584582086,1.582739584582086
Chile,Aysén,110758,110758,2023,8,2023.0,9.0,4.84,5.34,7.108808053224019,4.84,-1.768808053224019,1.768808053224019
Chile,Aysén,110758,110758,2023,9,2023.0,10.0,5.34,6.98,5.864211075961076,5.34,1.1157889240389247,1.1157889240389247
Chile,Aysén,110758,110758,2023,10,2023.0,11.0,6.98,6.21,6.6804128463666,6.98,-0.4704128463666004,0.4704128463666004
Chile,Aysén,110758,110758,2023,11,2023.0,12.0,6.21,4.52,6.620379221056727,6.21,-2.100379221056728,2.100379221056728
Chile,Aysén,110758,110758,2023,12,2023.0,13.0,4.52,4.84,6.376196049968551,4.52,-1.5361960499685514,1.5361960499685514
Chile,Aysén,110758,110758,2023,13,2023.0,14.0,4.84,5.35,6.2635166486563625,4.84,-0.9135166486563628,0.9135166486563628
Chile,Aysén,110758,110758,2024,19,2024.0,20.0,0.93,0.33,1.0114892873893118,0.93,-0.6814892873893117,0.6814892873893117
Chile,Aysén,110758,110758,2024,20,2024.0,21.0,0.33,0.9,0.8681313423776661,0.33,0.03186865762233393,0.03186865762233393
Chile,Aysén,110758,110758,2024,21,2024.0,22.0,0.9,0.4399999999999999,1.189954052472582,0.9,-0.7499540524725821,0.7499540524725821
Chile,Aysén,110758,110758,2024,22,2024.0,23.0,0.4399999999999999,2.85,0.9481157757057757,0.4399999999999999,1.9018842242942244,1.9018842242942244
Chile,Aysén,110758,110758,2024,23,2024.0,24.0,2.85,3.32,3.2129679473693913,2.85,0.10703205263060855,0.10703205263060855
Chile,Aysén,110758,110758,2024,24,2024.0,25.0,3.32,5.6,3.3231525040700025,3.32,2.276847495929997,2.276847495929997
Chile,Aysén,110758,110758,2024,25,2024.0,26.0,5.6,4.1,5.359972529322531,5.6,-1.259972529322531,1.259972529322531
Chile,Aysén,110758,110758,2024,26,2024.0,27.0,4.1,0.99,5.233624734478494,4.1,-4.243624734478494,4.243624734478494
Chile,Aysén,110758,110758,2024,27,2024.0,28.0,0.99,1.62,2.9558868014148163,0.99,-1.3358868014148162,1.3358868014148162
Chile,Aysén,110758,110758,2024,28,2024.0,29.0,1.62,0.84,2.8163013777085486,1.62,-1.9763013777085487,1.9763013777085487
Chile,Aysén,110758,110758,2024,29,2024.0,30.0,0.84,2.8,1.9804007338957355,0.84,0.8195992661042644,0.8195992661042644
Chile,Magallanes,120128,120128,2022,52,2023.0,1.0,0.0,0.0,0.0007046957671957673,0.0,-0.0007046957671957673,0.0007046957671957673
Chile,Magallanes,120128,120128,2023,1,2023.0,2.0,0.0,0.0,0.001196031746031746,0.0,-0.001196031746031746,0.001196031746031746
Chile,Magallanes,120128,120128,2023,2,2023.0,3.0,0.0,0.0,0.00045936507936507944,0.0,-0.00045936507936507944,0.00045936507936507944
Chile,Magallanes,120128,120128,2023,3,2023.0,4.0,0.0,0.0,0.000634920634920635,0.0,-0.000634920634920635,0.000634920634920635
Chile,Magallanes,120128,120128,2023,4,2023.0,5.0,0.0,0.0,0.002546984126984127,0.0,-0.002546984126984127,0.002546984126984127
Chile,Magallanes,120128,120128,2023,5,2023.0,6.0,0.0,0.06,0.000925714285714286,0.0,0.05907428571428571,0.05907428571428571
Chile,Magallanes,120128,120128,2023,6,2023.0,7.0,0.06,0.03,0.07665756068006069,0.06,-0.04665756068006069,0.04665756068006069
Chile,Magallanes,120128,120128,2023,7,2023.0,8.0,0.03,0.16,0.07361251477280885,0.03,0.08638748522719115,0.08638748522719115
Chile,Magallanes,120128,120128,2023,8,2023.0,9.0,0.16,0.08,0.18598849088003508,0.16,-0.10598849088003508,0.10598849088003508
Chile,Magallanes,120128,120128,2023,9,2023.0,10.0,0.08,0.18,0.180281564037814,0.08,-0.00028156403781401385,0.00028156403781401385
Chile,Magallanes,120128,120128,2023,10,2023.0,11.0,0.18,0.18,0.2076257987845488,0.18,-0.027625798784548794,0.027625798784548794
Chile,Magallanes,120128,120128,2023,11,2023.0,12.0,0.18,0.08,0.2342403527953527,0.18,-0.1542403527953527,0.1542403527953527
Chile,Magallanes,120128,120128,2023,12,2023.0,13.0,0.08,0.35,0.2287153676878676,0.08,0.12128463231213238,0.12128463231213238
Chile,Magallanes,120128,120128,2023,13,2023.0,14.0,0.35,0.51,0.3794334121896621,0.35,0.13056658781033792,0.13056658781033792
Chile,Magallanes,120128,120128,2023,14,2023.0,15.0,0.51,0.57,0.5570854466366965,0.51,0.012914553363303494,0.012914553363303494
Chile,Magallanes,120128,120128,2023,15,2023.0,16.0,0.57,0.65,0.7393580285455292,0.57,-0.08935802854552921,0.08935802854552921
Chile,Magallanes,120128,120128,2023,16,2023.0,17.0,0.65,0.73,0.9164752955377957,0.65,-0.18647529553779574,0.18647529553779574
Chile,Magallanes,120128,120128,2023,17,2023.0,18.0,0.73,0.67,0.9344641878954385,0.73,-0.26446418789543846,0.26446418789543846
Chile,Magallanes,120128,120128,2023,18,2023.0,19.0,0.67,2.35,0.9230754899267405,0.67,1.4269245100732597,1.4269245100732597
Chile,Magallanes,120128,120128,2023,19,2023.0,20.0,2.35,3.03,2.3977621411726657,2.35,0.6322378588273341,0.6322378588273341
Chile,Magallanes,120128,120128,2023,20,2023.0,21.0,3.03,3.69,2.8009984718522207,3.03,0.8890015281477792,0.8890015281477792
Chile,Magallanes,120128,120128,2023,21,2023.0,22.0,3.69,4.050000000000001,3.5853000838050835,3.69,0.46469991619491724,0.46469991619491724
Chile,Magallanes,120128,120128,2023,22,2023.0,23.0,4.050000000000001,3.49,3.878234083052026,4.050000000000001,-0.3882340830520259,0.3882340830520259
Chile,Magallanes,120128,120128,2023,23,2023.0,24.0,3.49,5.01,3.808066029901472,3.49,1.2019339700985276,1.2019339700985276
Chile,Magallanes,120128,120128,2023,24,2023.0,25.0,5.01,7.949999999999999,5.063902802943245,5.01,2.8860971970567544,2.8860971970567544
Chile,Magallanes,120128,120128,2023,25,2023.0,26.0,7.949999999999999,7.15,7.896962686670626,7.949999999999999,-0.746962686670626,0.746962686670626
Chile,Magallanes,120128,120128,2023,26,2023.0,27.0,7.15,12.81,6.65969826881996,7.15,6.150301731180041,6.150301731180041
Chile,Magallanes,120128,120128,2023,27,2023.0,28.0,12.81,3.55,9.653777875180387,12.81,-6.103777875180387,6.103777875180387
Chile,Magallanes,120128,120128,2023,28,2023.0,29.0,3.55,2.1,6.94498988807489,3.55,-4.84498988807489,4.84498988807489
Chile,Magallanes,120128,120128,2023,29,2023.0,30.0,2.1,7.25,4.969848339454664,2.1,2.280151660545336,2.280151660545336
Chile,Magallanes,120128,120128,2023,30,2023.0,31.0,7.25,6.529999999999999,7.023969876697377,7.25,-0.4939698766973777,0.4939698766973777
Chile,Magallanes,120128,120128,2023,31,2023.0,32.0,6.529999999999999,4.92,6.214647705763735,6.529999999999999,-1.294647705763735,1.294647705763735
Chile,Magallanes,120128,120128,2023,32,2023.0,33.0,4.92,6.699999999999999,5.244526574449518,4.92,1.4554734255504815,1.4554734255504815
Chile,Magallanes,120128,120128,2023,33,2023.0,34.0,6.699999999999999,6.05,6.708847820425759,6.699999999999999,-0.6588478204257591,0.6588478204257591
Chile,Magallanes,120128,120128,2023,34,2023.0,35.0,6.05,3.85,6.244819010948203,6.05,-2.394819010948203,2.394819010948203
Chile,Magallanes,120128,120128,2023,35,2023.0,36.0,3.85,6.66,5.426426692988385,3.85,1.233573307011615,1.233573307011615
Chile,Magallanes,120128,120128,2023,36,2023.0,37.0,6.66,5.36,6.472115136581826,6.66,-1.112115136581826,1.112115136581826
Chile,Magallanes,120128,120128,2023,37,2023.0,38.0,5.36,6.62,6.188593220488661,5.36,0.431406779511339,0.431406779511339
Chile,Magallanes,120128,120128,2023,38,2023.0,39.0,6.62,1.29,5.788872151557592,6.62,-4.498872151557592,4.498872151557592
Chile,Magallanes,120128,120128,2023,39,2023.0,40.0,1.29,0.5,3.9622503536278524,1.29,-3.4622503536278524,3.4622503536278524
Chile,Magallanes,120128,120128,2023,40,2023.0,41.0,0.5,0.68,2.3447093942985124,0.5,-1.6647093942985123,1.6647093942985123
Chile,Magallanes,120128,120128,2023,41,2023.0,42.0,0.68,1.75,2.169888587986088,0.68,-0.4198885879860881,0.4198885879860881
Chile,Magallanes,120128,120128,2023,42,2023.0,43.0,1.75,3.13,2.5015126347848073,1.75,0.6284873652151926,0.6284873652151926
Chile,Magallanes,120128,120128,2023,43,2023.0,44.0,3.13,2.45,3.1409106053342053,3.13,-0.6909106053342051,0.6909106053342051
Chile,Magallanes,120128,120128,2023,44,2023.0,45.0,2.45,2.85,2.705402735232605,2.45,0.1445972647673952,0.1445972647673952
Chile,Magallanes,120128,120128,2023,45,2023.0,46.0,2.85,4.749999999999999,3.1858899547233537,2.85,1.5641100452766454,1.5641100452766454
Chile,Magallanes,120128,120128,2023,46,2023.0,47.0,4.749999999999999,5.08,5.094431890266596,4.749999999999999,-0.014431890266595637,0.014431890266595637
Chile,Magallanes,120128,120128,2023,47,2023.0,48.0,5.08,4.15,4.968395447844641,5.08,-0.8183954478446402,0.8183954478446402
Chile,Magallanes,120128,120128,2023,48,2023.0,49.0,4.15,2.55,4.535561486666927,4.15,-1.985561486666927,1.985561486666927
Chile,Magallanes,120128,120128,2023,49,2023.0,50.0,2.55,1.28,3.69902103132978,2.55,-2.4190210313297804,2.4190210313297804
Chile,Magallanes,120128,120128,2023,50,2023.0,51.0,1.28,1.9,3.051846830484333,1.28,-1.1518468304843332,1.1518468304843332
Chile,Magallanes,120128,120128,2023,51,2023.0,52.0,1.9,8.5,2.8073364787649,1.9,5.6926635212351,5.6926635212351
Chile,Magallanes,120128,120128,2023,52,2024.0,1.0,8.5,18.0,5.509659751506665,8.5,12.490340248493336,12.490340248493336
Chile,Magallanes,120128,120128,2024,1,2024.0,2.0,18.0,14.98,10.884379821363284,18.0,4.095620178636716,4.095620178636716
Chile,Magallanes,120128,120128,2024,2,2024.0,3.0,14.98,15.28,10.46488846005847,14.98,4.81511153994153,4.81511153994153
Chile,Magallanes,120128,120128,2024,3,2024.0,4.0,15.28,6.409999999999999,8.590402026908283,15.28,-2.1804020269082836,2.1804020269082836
Chile,Magallanes,120128,120128,2024,4,2024.0,5.0,6.409999999999999,29.99,6.6672182437007415,6.409999999999999,23.322781756299257,23.322781756299257
Chile,Magallanes,120128,120128,2024,5,2024.0,6.0,29.99,7.31,12.357528174926934,29.99,-5.047528174926934,5.047528174926934
Chile,Magallanes,120128,120128,2024,6,2024.0,7.0,7.31,7.78,7.505442564981316,7.31,0.2745574350186839,0.2745574350186839
Chile,Magallanes,120128,120128,2024,7,2024.0,8.0,7.78,7.5,7.408614415353162,7.78,0.09138558464683832,0.09138558464683832
Chile,Magallanes,120128,120128,2024,8,2024.0,9.0,7.5,7.32,7.633648218540721,7.5,-0.31364821854072034,0.31364821854072034
Chile,Magallanes,120128,120128,2024,9,2024.0,10.0,7.32,11.75,6.923605244183921,7.32,4.826394755816079,4.826394755816079
Chile,Magallanes,120128,120128,2024,10,2024.0,11.0,11.75,18.88,8.000684104784112,11.75,10.879315895215887,10.879315895215887
Chile,Magallanes,120128,120128,2024,11,2024.0,12.0,18.88,13.93,9.34900323038073,18.88,4.58099676961927,4.58099676961927
Chile,Magallanes,120128,120128,2024,12,2024.0,13.0,13.93,6.879999999999999,8.348999652847159,13.93,-1.4689996528471596,1.4689996528471596
Chile,Magallanes,120128,120128,2024,13,2024.0,14.0,6.879999999999999,5.35,7.214908735801242,6.879999999999999,-1.864908735801242,1.864908735801242
Chile,Magallanes,120128,120128,2024,14,2024.0,15.0,5.35,8.45,7.054319477836978,5.35,1.3956805221630209,1.3956805221630209
Chile,Magallanes,120128,120128,2024,15,2024.0,16.0,8.45,9.23,7.156285516705519,8.45,2.0737144832944816,2.0737144832944816
Chile,Magallanes,120128,120128,2024,16,2024.0,17.0,9.23,12.14,7.424494764407709,9.23,4.715505235592292,4.715505235592292
Chile,Magallanes,120128,120128,2024,17,2024.0,18.0,12.14,7.71,9.52334832482333,12.14,-1.8133483248233295,1.8133483248233295
Chile,Magallanes,120128,120128,2024,18,2024.0,19.0,7.71,8.649999999999999,8.205130980963483,7.71,0.4448690190365152,0.4448690190365152
Chile,Magallanes,120128,120128,2024,19,2024.0,20.0,8.649999999999999,16.35,7.728201801254307,8.649999999999999,8.621798198745694,8.621798198745694
Chile,Magallanes,120128,120128,2024,20,2024.0,21.0,16.35,16.43,10.570132956765457,16.35,5.8598670432345425,5.8598670432345425
Chile,Magallanes,120128,120128,2024,21,2024.0,22.0,16.43,4.63,10.076629067969074,16.43,-5.4466290679690745,5.4466290679690745
Chile,Magallanes,120128,120128,2024,22,2024.0,23.0,4.63,6.25,7.497864822214821,4.63,-1.2478648222148214,1.2478648222148214
Chile,Magallanes,120128,120128,2024,23,2024.0,24.0,6.25,6.379999999999999,7.553300706145707,6.25,-1.1733007061457084,1.1733007061457084
Chile,Magallanes,120128,120128,2024,24,2024.0,25.0,6.379999999999999,10.08,7.308138778860029,6.379999999999999,2.7718612211399707,2.7718612211399707
Chile,Magallanes,120128,120128,2024,25,2024.0,26.0,10.08,19.24,9.100510310384063,10.08,10.139489689615935,10.139489689615935
Chile,Magallanes,120128,120128,2024,26,2024.0,27.0,19.24,26.380000000000003,13.406797621553288,19.24,12.973202378446715,12.973202378446715
Chile,Magallanes,120128,120128,2024,27,2024.0,28.0,26.380000000000003,42.21,15.994367061048964,26.380000000000003,26.21563293895104,26.21563293895104
Chile,Magallanes,120128,120128,2024,28,2024.0,29.0,42.21,13.28,17.30920728928479,42.21,-4.029207289284789,4.029207289284789
Chile,Magallanes,120128,120128,2024,29,2024.0,30.0,13.28,24.23,9.561160680985685,13.28,14.668839319014316,14.668839319014316
Noruega,Norte,24175,24175,2024,43,2024.0,44.0,0.0,0.0,0.14263388538362212,0.0,-0.14263388538362212,0.14263388538362212
Noruega,Norte,24175,24175,2024,44,2024.0,45.0,0.0,0.0,0.08444341020091016,0.0,-0.08444341020091016,0.08444341020091016
Noruega,Norte,24175,24175,2024,45,2024.0,46.0,0.0,0.0,0.021179400321900323,0.0,-0.021179400321900323,0.021179400321900323
Noruega,Norte,24175,24175,2024,46,2024.0,47.0,0.0,0.0,0.023253604543604534,0.0,-0.023253604543604534,0.023253604543604534
Noruega,Norte,24175,24175,2024,47,2024.0,48.0,0.0,0.0,0.04083691937691937,0.0,-0.04083691937691937,0.04083691937691937
Noruega,Norte,24175,24175,2024,48,2024.0,49.0,0.0,0.04,0.039003258685758664,0.0,0.0009967413142413367,0.0009967413142413367
Noruega,Norte,24175,24175,2024,49,2024.0,50.0,0.04,0.04,0.09235513764013768,0.04,-0.05235513764013768,0.05235513764013768
Noruega,Norte,24175,24175,2024,50,2024.0,51.0,0.04,0.02,0.06275733035483044,0.04,-0.04275733035483044,0.04275733035483044
Noruega,Norte,24175,24175,2024,51,2024.0,52.0,0.02,0.17,0.07374437627187631,0.02,0.0962556237281237,0.0962556237281237
Noruega,Centro,32677,32677,2023,29,2023.0,30.0,0.0,0.0,0.14552502386502383,0.0,-0.14552502386502383,0.14552502386502383
Noruega,Centro,32677,32677,2023,30,2023.0,31.0,0.0,0.0,0.10728083499289383,0.0,-0.10728083499289383,0.10728083499289383
Noruega,Centro,32677,32677,2023,31,2023.0,32.0,0.0,0.02,0.038236370747988406,0.0,-0.018236370747988406,0.018236370747988406
Noruega,Centro,32677,32677,2023,32,2023.0,33.0,0.02,0.33,0.21236178358678362,0.02,0.1176382164132164,0.1176382164132164
Noruega,Centro,32677,32677,2023,33,2023.0,34.0,0.33,2.52,0.39543895965145975,0.33,2.1245610403485404,2.1245610403485404
Noruega,Centro,32677,32677,2023,34,2023.0,35.0,2.52,6.48,2.534000166916416,2.52,3.9459998330835844,3.9459998330835844
Noruega,Centro,32677,32677,2023,35,2023.0,36.0,6.48,3.4000000000000004,5.31685830678581,6.48,-1.9168583067858096,1.9168583067858096
Noruega,Centro,32677,32677,2023,36,2023.0,37.0,3.4000000000000004,0.42,4.207157675031942,3.4000000000000004,-3.787157675031942,3.787157675031942
Noruega,Centro,32677,32677,2023,37,2023.0,38.0,0.42,0.21,2.3693224061804217,0.42,-2.1593224061804217,2.1593224061804217
Noruega,Centro,32677,32677,2023,38,2023.0,39.0,0.21,0.22,1.675597659551779,0.21,-1.455597659551779,1.455597659551779
Noruega,Centro,32677,32677,2023,39,2023.0,40.0,0.22,0.43,1.245098438875938,0.22,-0.8150984388759381,0.8150984388759381
Noruega,Centro,32677,32677,2023,40,2023.0,41.0,0.43,0.54,0.699425849012099,0.43,-0.159425849012099,0.159425849012099
Noruega,Centro,32677,32677,2023,41,2023.0,42.0,0.54,0.94,0.7867519598919606,0.54,0.15324804010803939,0.15324804010803939
Noruega,Centro,32677,32677,2023,42,2023.0,43.0,0.94,1.22,1.1102149874607965,0.94,0.10978501253920347,0.10978501253920347
Noruega,Centro,32677,32677,2023,43,2023.0,44.0,1.22,1.32,1.4602061394161394,1.22,-0.14020613941613935,0.14020613941613935
Noruega,Centro,32677,32677,2023,44,2023.0,45.0,1.32,0.9,1.5066238452778158,1.32,-0.6066238452778158,0.6066238452778158
Noruega,Centro,32677,32677,2023,45,2023.0,46.0,0.9,1.07,1.2058929123654127,0.9,-0.13589291236541268,0.13589291236541268
Noruega,Centro,32677,32677,2023,46,2023.0,47.0,1.07,1.37,1.2393837739357598,1.07,0.13061622606424028,0.13061622606424028
Noruega,Centro,32677,32677,2023,47,2023.0,48.0,1.37,1.26,1.4018139245476757,1.37,-0.14181392454767572,0.14181392454767572
Noruega,Centro,32677,32677,2023,48,2023.0,49.0,1.26,1.7799999999999998,1.3028430238280235,1.26,0.4771569761719763,0.4771569761719763
Noruega,Centro,32677,32677,2023,49,2023.0,50.0,1.7799999999999998,0.1999999999999999,1.7513147560310052,1.7799999999999998,-1.5513147560310052,1.5513147560310052
Noruega,Centro,32677,32677,2023,50,2023.0,51.0,0.1999999999999999,0.16,0.9980168989180757,0.1999999999999999,-0.8380168989180756,0.8380168989180756
Noruega,Centro,32677,32677,2023,51,2023.0,52.0,0.16,0.1699999999999999,0.712570136505651,0.16,-0.5425701365056511,0.5425701365056511
Noruega,Centro,32677,32677,2023,52,2024.0,1.0,0.1699999999999999,0.27,0.6170714799742748,0.1699999999999999,-0.3470714799742748,0.3470714799742748
Noruega,Centro,32677,32677,2024,1,2024.0,2.0,0.27,0.4399999999999999,0.35230959615819923,0.27,0.08769040384180066,0.08769040384180066
Noruega,Centro,32677,32677,2024,2,2024.0,3.0,0.4399999999999999,0.64,0.4835243754665811,0.4399999999999999,0.1564756245334189,0.1564756245334189
Noruega,Centro,32677,32677,2024,3,2024.0,4.0,0.64,0.6500000000000001,0.6004604733719439,0.64,0.049539526628056274,0.049539526628056274
Noruega,Centro,32677,32677,2024,4,2024.0,5.0,0.6500000000000001,0.88,0.6805387771025269,0.6500000000000001,0.19946122289747314,0.19946122289747314
Noruega,Centro,32677,32677,2024,5,2024.0,6.0,0.88,0.75,0.8962330667943168,0.88,-0.1462330667943168,0.1462330667943168
Noruega,Centro,32677,32677,2024,6,2024.0,7.0,0.75,0.8200000000000001,0.8654640024327521,0.75,-0.04546400243275206,0.04546400243275206
Noruega,Centro,32677,32677,2024,7,2024.0,8.0,0.8200000000000001,1.09,0.8892959031246531,0.8200000000000001,0.20070409687534696,0.20070409687534696
Noruega,Centro,32677,32677,2024,8,2024.0,9.0,1.09,0.7999999999999999,1.0590270787491372,1.09,-0.2590270787491372,0.2590270787491372
Noruega,Centro,32677,32677,2024,9,2024.0,10.0,0.7999999999999999,0.0,0.9258671172346171,0.7999999999999999,-0.9258671172346171,0.9258671172346171
Noruega,Centro,32677,32677,2024,10,2024.0,11.0,0.0,0.06,0.6157447453934949,0.0,-0.5557447453934949,0.5557447453934949
Noruega,Centro,32677,32677,2024,11,2024.0,12.0,0.06,0.08,0.5109170601158104,0.06,-0.4309170601158104,0.4309170601158104
Noruega,Centro,32677,32677,2024,12,2024.0,13.0,0.08,0.04,0.39855710088114527,0.08,-0.3585571008811453,0.3585571008811453
Noruega,Centro,32677,32677,2024,13,2024.0,14.0,0.04,0.12,0.16302935926274176,0.04,-0.04302935926274176,0.04302935926274176
Noruega,Centro,32677,32677,2024,14,2024.0,15.0,0.12,0.18,0.12115014087764091,0.12,0.058849859122359086,0.058849859122359086
Noruega,Centro,32677,32677,2024,15,2024.0,16.0,0.18,0.18,0.14473337534784897,0.18,0.035266624652151024,0.035266624652151024
Noruega,Centro,32677,32677,2024,16,2024.0,17.0,0.18,0.37,0.1557911175130912,0.18,0.2142088824869088,0.2142088824869088
Noruega,Centro,32677,32677,2024,17,2024.0,18.0,0.37,0.8900000000000001,0.3541990978248332,0.37,0.5358009021751668,0.5358009021751668
Noruega,Centro,32677,32677,2024,18,2024.0,19.0,0.8900000000000001,1.2000000000000002,0.8414992821992819,0.8900000000000001,0.35850071780071824,0.35850071780071824
Noruega,Centro,32677,32677,2024,19,2024.0,20.0,1.2000000000000002,1.4600000000000002,1.339219693685944,1.2000000000000002,0.12078030631405623,0.12078030631405623
Noruega,Centro,32677,32677,2024,20,2024.0,21.0,1.4600000000000002,1.29,1.790665522511257,1.4600000000000002,-0.5006655225112571,0.5006655225112571
Noruega,Centro,32677,32677,2024,21,2024.0,22.0,1.29,0.4899999999999999,1.6235431740209676,1.29,-1.1335431740209678,1.1335431740209678
Noruega,Centro,32677,32677,2024,22,2024.0,23.0,0.4899999999999999,0.61,0.9848007803770294,0.4899999999999999,-0.37480078037702946,0.37480078037702946
Noruega,Centro,32677,32677,2024,23,2024.0,24.0,0.61,1.27,1.0590498565786068,0.61,0.21095014342139318,0.21095014342139318
Noruega,Centro,32677,32677,2024,24,2024.0,25.0,1.27,3.77,1.5257443085346027,1.27,2.2442556914653973,2.2442556914653973
Noruega,Centro,32677,32677,2024,25,2024.0,26.0,3.77,2.0900000000000003,3.6926166732940273,3.77,-1.602616673294027,1.602616673294027
Noruega,Centro,32677,32677,2024,26,2024.0,27.0,2.0900000000000003,3.47,2.832238048664299,2.0900000000000003,0.6377619513357011,0.6377619513357011
Noruega,Centro,32677,32677,2024,27,2024.0,28.0,3.47,3.71,3.778507710113963,3.47,-0.06850771011396306,0.06850771011396306
Noruega,Centro,32677,32677,2024,28,2024.0,29.0,3.71,1.14,3.282952470139654,3.71,-2.1429524701396545,2.1429524701396545
Noruega,Centro,32677,32677,2024,29,2024.0,30.0,1.14,3.1300000000000003,2.8915528393529115,1.14,0.23844716064708882,0.23844716064708882
Noruega,Centro,32677,32677,2024,30,2024.0,31.0,3.1300000000000003,0.45,3.218133500400674,3.1300000000000003,-2.768133500400674,2.768133500400674
Noruega,Centro,32677,32677,2024,31,2024.0,32.0,0.45,2.79,1.8520809393384385,0.45,0.9379190606615615,0.9379190606615615
Noruega,Centro,32677,32677,2024,32,2024.0,33.0,2.79,7.890000000000001,3.1167973989164466,2.79,4.773202601083554,4.773202601083554
Noruega,Centro,32677,32677,2024,33,2024.0,34.0,7.890000000000001,11.66,5.051786663788286,7.890000000000001,6.608213336211715,6.608213336211715
Noruega,Centro,32677,32677,2024,34,2024.0,35.0,11.66,1.18,6.3877597925495015,11.66,-5.207759792549502,5.207759792549502
Noruega,Sur/Oeste,33077,33077,2023,17,2023.0,18.0,0.0,0.2,0.18436095387069065,0.0,0.01563904612930936,0.01563904612930936
Noruega,Sur/Oeste,33077,33077,2023,18,2023.0,19.0,0.2,0.15,0.26926165746562813,0.2,-0.11926165746562814,0.11926165746562814
Noruega,Sur/Oeste,33077,33077,2023,19,2023.0,20.0,0.15,0.35,0.2841511579270406,0.15,0.06584884207295938,0.06584884207295938
Noruega,Sur/Oeste,33077,33077,2023,20,2023.0,21.0,0.35,0.25,0.6893013731176229,0.35,-0.43930137311762285,0.43930137311762285
Noruega,Sur/Oeste,33077,33077,2023,21,2023.0,22.0,0.25,0.1,0.4819854757497406,0.25,-0.3819854757497406,0.3819854757497406
Noruega,Sur/Oeste,33077,33077,2023,22,2023.0,23.0,0.1,0.04,0.31545142523870434,0.1,-0.27545142523870436,0.27545142523870436
Noruega,Sur/Oeste,33077,33077,2023,23,2023.0,24.0,0.04,0.04,0.3057353025895674,0.04,-0.2657353025895674,0.2657353025895674
Noruega,Sur/Oeste,33077,33077,2023,24,2023.0,25.0,0.04,0.05,0.27632062909312927,0.04,-0.22632062909312928,0.22632062909312928
Noruega,Sur/Oeste,33077,33077,2023,25,2023.0,26.0,0.05,0.14,0.19691372997372994,0.05,-0.056913729973729926,0.056913729973729926
Noruega,Sur/Oeste,33077,33077,2023,26,2023.0,27.0,0.14,0.2,0.20094236050986058,0.14,-0.0009423605098605736,0.0009423605098605736
Noruega,Sur/Oeste,33077,33077,2023,27,2023.0,28.0,0.2,0.21,0.26479449161677127,0.2,-0.054794491616771274,0.054794491616771274
Noruega,Sur/Oeste,33077,33077,2023,28,2023.0,29.0,0.21,0.49,0.26615924898902826,0.21,0.22384075101097173,0.22384075101097173
Noruega,Sur/Oeste,33077,33077,2023,29,2023.0,30.0,0.49,0.56,0.5811166104130074,0.49,-0.021116610413007386,0.021116610413007386
Noruega,Sur/Oeste,33077,33077,2023,30,2023.0,31.0,0.56,1.12,0.7313083252395759,0.56,0.3886916747604242,0.3886916747604242
Noruega,Sur/Oeste,33077,33077,2023,31,2023.0,32.0,1.12,1.34,1.5276166207539739,1.12,-0.18761662075397378,0.18761662075397378
Noruega,Sur/Oeste,33077,33077,2023,32,2023.0,33.0,1.34,1.78,1.7823472336024528,1.34,-0.002347233602452814,0.002347233602452814
Noruega,Sur/Oeste,33077,33077,2023,33,2023.0,34.0,1.78,0.08,2.0452112711362704,1.78,-1.9652112711362704,1.9652112711362704
Noruega,Sur/Oeste,33077,33077,2023,34,2023.0,35.0,0.08,1.85,1.1451474069177006,0.08,0.7048525930822995,0.7048525930822995
Noruega,Sur/Oeste,33077,33077,2023,35,2023.0,36.0,1.85,3.6,2.2437424163336663,1.85,1.3562575836663338,1.3562575836663338
Noruega,Sur/Oeste,33077,33077,2023,36,2023.0,37.0,3.6,0.37,3.6249944537869534,3.6,-3.2549944537869533,3.2549944537869533
Noruega,Sur/Oeste,33077,33077,2023,37,2023.0,38.0,0.37,2.32,1.8204887672893562,0.37,0.4995112327106437,0.4995112327106437
Noruega,Sur/Oeste,33077,33077,2023,38,2023.0,39.0,2.32,5.44,3.5391766064758836,2.32,1.9008233935241168,1.9008233935241168
Noruega,Sur/Oeste,33077,33077,2023,39,2023.0,40.0,5.44,5.220000000000001,4.690947126707717,5.44,0.5290528732922839,0.5290528732922839
Noruega,Sur/Oeste,33077,33077,2023,40,2023.0,41.0,5.220000000000001,2.17,3.8825337274326968,5.220000000000001,-1.7125337274326968,1.7125337274326968
Noruega,Sur/Oeste,33077,33077,2023,41,2023.0,42.0,2.17,13.579999999999998,4.211415028389369,2.17,9.36858497161063,9.36858497161063
Noruega,Sur/Oeste,33077,33077,2023,42,2023.0,43.0,13.579999999999998,10.19,9.466682226153472,13.579999999999998,0.723317773846528,0.723317773846528
Noruega,Sur/Oeste,33077,33077,2023,43,2023.0,44.0,10.19,3.2,11.189858629328178,10.19,-7.989858629328178,7.989858629328178
Noruega,Sur/Oeste,33077,33077,2023,44,2023.0,45.0,3.2,8.31,7.059382495004999,3.2,1.2506175049950015,1.2506175049950015
Noruega,Sur/Oeste,33077,33077,2023,45,2023.0,46.0,8.31,11.28,8.711606507288996,8.31,2.568393492711003,2.568393492711003
Noruega,Sur/Oeste,33077,33077,2023,46,2023.0,47.0,11.28,5.720000000000001,9.205959905326154,11.28,-3.485959905326153,3.485959905326153
Noruega,Sur/Oeste,33077,33077,2023,47,2023.0,48.0,5.720000000000001,0.75,5.948575027910545,5.720000000000001,-5.198575027910545,5.198575027910545
Noruega,Sur/Oeste,33077,33077,2023,48,2023.0,49.0,0.75,2.25,2.9196449586932682,0.75,-0.6696449586932682,0.6696449586932682
Noruega,Sur/Oeste,33077,33077,2023,49,2023.0,50.0,2.25,4.51,3.650184658119658,2.25,0.8598153418803416,0.8598153418803416
Noruega,Sur/Oeste,33077,33077,2023,50,2023.0,51.0,4.51,5.2700000000000005,9.046396627177298,4.51,-3.7763966271772977,3.7763966271772977
Noruega,Sur/Oeste,33077,33077,2023,51,2023.0,52.0,5.2700000000000005,6.84,5.762299360541418,5.2700000000000005,1.0777006394585822,1.0777006394585822
Noruega,Sur/Oeste,33077,33077,2023,52,2024.0,1.0,6.84,7.76,5.815406439712247,6.84,1.9445935602877524,1.9445935602877524
Noruega,Sur/Oeste,33077,33077,2024,1,2024.0,2.0,7.76,0.45,7.252775982081643,7.76,-6.802775982081643,6.802775982081643
Noruega,Sur/Oeste,33077,33077,2024,2,2024.0,3.0,0.45,1.55,3.098814934556184,0.45,-1.548814934556184,1.548814934556184
Noruega,Sur/Oeste,33077,33077,2024,3,2024.0,4.0,1.55,1.86,3.0331096355496348,1.55,-1.1731096355496347,1.1731096355496347
Noruega,Sur/Oeste,33077,33077,2024,4,2024.0,5.0,1.86,2.28,4.169188067118062,1.86,-1.8891880671180625,1.8891880671180625
Noruega,Sur/Oeste,33077,33077,2024,5,2024.0,6.0,2.28,1.39,3.061592957829208,2.28,-1.6715929578292081,1.6715929578292081
Noruega,Sur/Oeste,33077,33077,2024,6,2024.0,7.0,1.39,3.52,2.1247326734376735,1.39,1.3952673265623265,1.3952673265623265
Noruega,Sur/Oeste,33077,33077,2024,7,2024.0,8.0,3.52,3.49,4.0594280023828935,3.52,-0.5694280023828933,0.5694280023828933
Noruega,Sur/Oeste,33077,33077,2024,8,2024.0,9.0,3.49,0.14,3.2860093806719317,3.49,-3.1460093806719316,3.1460093806719316
Noruega,Sur/Oeste,33077,33077,2024,9,2024.0,10.0,0.14,0.6,1.6455926782014292,0.14,-1.0455926782014293,1.0455926782014293
Noruega,Sur/Oeste,33077,33077,2024,10,2024.0,11.0,0.6,0.38,1.4922032122588738,0.6,-1.1122032122588736,1.1122032122588736
Noruega,Sur/Oeste,33077,33077,2024,11,2024.0,12.0,0.38,0.75,1.120364547628298,0.38,-0.37036454762829796,0.37036454762829796
Noruega,Sur/Oeste,33077,33077,2024,12,2024.0,13.0,0.75,0.62,1.0487457119922554,0.75,-0.4287457119922554,0.4287457119922554
Noruega,Sur/Oeste,33077,33077,2024,13,2024.0,14.0,0.62,0.6000000000000001,0.9190286806249303,0.62,-0.31902868062493017,0.31902868062493017
Noruega,Sur/Oeste,33077,33077,2024,14,2024.0,15.0,0.6000000000000001,0.7200000000000001,0.9105774286824279,0.6000000000000001,-0.19057742868242777,0.19057742868242777
Noruega,Sur/Oeste,33077,33077,2024,15,2024.0,16.0,0.7200000000000001,0.4599999999999999,0.9890912655209708,0.7200000000000001,-0.529091265520971,0.529091265520971
Noruega,Sur/Oeste,33077,33077,2024,16,2024.0,17.0,0.4599999999999999,0.14,0.8022966024988085,0.4599999999999999,-0.6622966024988085,0.6622966024988085
Noruega,Sur/Oeste,33077,33077,2024,17,2024.0,18.0,0.14,0.42,0.6189521217127104,0.14,-0.19895212171271043,0.19895212171271043
Noruega,Sur/Oeste,33077,33077,2024,18,2024.0,19.0,0.42,0.64,0.7604188147772704,0.42,-0.12041881477727034,0.12041881477727034
Noruega,Sur/Oeste,33077,33077,2024,19,2024.0,20.0,0.64,0.5,0.7351600851871439,0.64,-0.23516008518714393,0.23516008518714393
Noruega,Sur/Oeste,33077,33077,2024,20,2024.0,21.0,0.5,0.8200000000000001,0.9545756228956233,0.5,-0.1345756228956232,0.1345756228956232
Noruega,Sur/Oeste,33077,33077,2024,21,2024.0,22.0,0.8200000000000001,0.8300000000000001,1.360530832979657,0.8200000000000001,-0.530530832979657,0.530530832979657
Noruega,Sur/Oeste,33077,33077,2024,22,2024.0,23.0,0.8300000000000001,0.67,1.417099886921356,0.8300000000000001,-0.747099886921356,0.747099886921356
Noruega,Sur/Oeste,33077,33077,2024,23,2024.0,24.0,0.67,1.25,1.151839651922152,0.67,0.0981603480778479,0.0981603480778479
Noruega,Sur/Oeste,33077,33077,2024,24,2024.0,25.0,1.25,0.6000000000000001,1.6067968642468635,1.25,-1.0067968642468634,1.0067968642468634
Noruega,Sur/Oeste,33077,33077,2024,25,2024.0,26.0,0.6000000000000001,0.68,1.0916073970473978,0.6000000000000001,-0.4116073970473978,0.4116073970473978
Noruega,Sur/Oeste,33077,33077,2024,26,2024.0,27.0,0.68,0.68,1.0551370242720248,0.68,-0.3751370242720248,0.3751370242720248
Noruega,Sur/Oeste,33077,33077,2024,27,2024.0,28.0,0.68,0.62,1.0405268045380553,0.68,-0.42052680453805535,0.42052680453805535
Noruega,Sur/Oeste,33077,33077,2024,28,2024.0,29.0,0.62,0.63,1.0483417572705074,0.62,-0.4183417572705074,0.4183417572705074
Noruega,Sur/Oeste,33077,33077,2024,29,2024.0,30.0,0.63,1.13,1.010914419191919,0.63,0.11908558080808085,0.11908558080808085
Noruega,Sur/Oeste,33077,33077,2024,30,2024.0,31.0,1.13,1.55,1.3817934546199995,1.13,0.16820654538000057,0.16820654538000057
Noruega,Sur/Oeste,33077,33077,2024,31,2024.0,32.0,1.55,1.1,1.9459234944412875,1.55,-0.8459234944412874,0.8459234944412874
